"ID","Field","Depth","Date","BulkD","ECe","ECpw","SoilGWC","PasteGWC","ssatNa","ssatCa","ssatMg","ssatK","ssatAlk","ssatNO3","ssatS","ssatCl","PasteNa","PasteCa","PasteMg","PasteK","PasteAlk","PasteNO3","PasteS","PasteCl","SoilCa","SoilMg","SoilNa","SoilK","SoilNO3","SoilS","CEC","cecH","cecK","cecCa","cecMg","cecNa","Qs","Qr","alpha","n","m","soil_type","ssatVWC","PasteVWC","soilKmeqkg","soilCameqkg","soilMgmeqkg","soilNameqkg","soilKeqkg","soilCaeqkg","soilMgeqkg","soilNaeqkg","soilESP","soilESR","ssatKmeqL","ssatCameqL","ssatMgmeqL","ssatNameqL","ssatClmeqL","ssatSmeqL","ssatNO3meqL","ssatAlkmeqL","ssatKmolL","ssatCamolL","ssatMgmolL","ssatNamolL","ssatClmolL","ssatSmolL","ssatNO3molL","ssatAlkmolL","ssatIonicStrength","ssatPredictedEC","ssatSAR","ssatDBCa","ssatDBMg","ssatDBNa","ssatDBK","ssatGaponCaMg","ssatGaponCaNa","ssatGaponCaK","PasteKmeqL","PasteCameqL","PasteMgmeqL","PasteNameqL","PasteClmeqL","PasteSmeqL","PasteNO3meqL","PasteAlkmeqL","PasteKmolL","PasteCamolL","PasteMgmolL","PasteNamolL","PasteClmolL","PasteSmolL","PasteNO3molL","PasteAlkmolL","PasteIonicStrength","PastePredictedEC","PasteSAR","PasteDBCa","PasteDBMg","PasteDBNa","PasteDBK","PasteGaponCaMg","PasteGaponCaNa","PasteGaponCaK"
1,"DL0",15,"8/24/2018",1.406282041,11.69,2.25,0.276013143,0.618101808,2073,577,797,62,565,25.7,2290,583,2443,581,493,66,149,242.8,1811,1088,5341,1189,822,429,54,414,41.3,0,3,64,24,9,NA,NA,NA,NA,NA,1,0.388152326080865,0.86922547210003,12.39,264.32,99.12,37.17,0.01239,0.26432,0.09912,0.03717,90,8.99999999999999,1.5872,28.7923,65.5931,90.13404,16.42311,143.1021,1.832409988178,9.26035,0.0015872,0.01439615,0.03279655,0.09013404,0.01642311,0.07155105,0.001832409988178,0.00926035,0.297106054994089,23.3941775585897,13.1205314020402,0.103763453738971,0.11142667950514,0.559591401949695,0.551336306648344,0.239755171561355,9.28008478689634,0.483016065297341,1.6896,28.9919,40.5739,106.22164,30.64896,113.16939,17.311639888312,2.44211,0.0016896,0.01449595,0.02028695,0.10622164,0.03064896,0.056584695,0.017311639888312,0.00244211,0.261892164944156,20.6214303105635,18.0106799261542,0.117668315818782,0.125404377248846,0.5783557953102,0.57077053097649,0.307057458030705,10.5777293038986,0.498139582583558
2,"DL0",50,"8/24/2018",1.585158997,8.58,21.58,0.261516065,0.583319543,5066,474,1351,75,1435,22.2,5074,1050,2297,400,441,152,171,18.8,2161,471,7473,1258,1635,351,14.3,1077,55.9,0,2,66,19,13,NA,NA,NA,NA,NA,2,0.414544543294787,0.924654221712378,11.18,368.94,106.21,72.67,0.01118,0.36894,0.10621,0.07267,130,-4.33333333333333,1.92,23.6526,111.1873,220.26968,29.5785,317.07426,1.582859989788,23.51965,0.00192,0.0118263,0.05559365,0.22026968,0.0295785,0.15853713,0.001582859989788,0.02351965,0.590349504994894,46.4842129917239,26.8262833714993,0.0463687450053607,0.0527783596653149,0.452036274956562,0.439527026335362,0.124453250352334,21.5869594084465,1.18922392208059,3.8912,19.96,36.2943,99.87356,13.26807,135.04089,1.340439991352,2.80269,0.0038912,0.00998,0.01814715,0.09987356,0.01326807,0.067520445,0.001340439991352,0.00280269,0.251883169995676,19.8333204721005,18.8316193040153,0.122171653521105,0.129919814032901,0.584070561473325,0.576684428658654,0.207022835362203,8.48136853301393,2.12072922629503
3,"DL0",100,"8/24/2018",1.432892749,13.35,9.46,0.292988134,0.539632546,2124,485,563,27,920,0.8,2006,638,2764,366,520,27,88,58.3,2404,553,6273,1045,1244,263,4,542,46.2,0,1,68,19,12,NA,NA,NA,NA,NA,3,0.41982057275164,0.773235562287809,4.62,314.16,87.78,55.44,0.00462,0.31416,0.08778,0.05544,120,-6,0.6912,24.2015,46.3349,92.35152,17.97246,125.35494,0.057039999632,15.0788,0.0006912,0.01210075,0.02316745,0.09235152,0.01797246,0.06267747,5.7039999632e-05,0.0150788,0.258966849999816,20.3910905511666,15.5507879846723,0.118956452331414,0.126696502190235,0.580007187643873,0.572479703163889,0.195669621345221,8.0002755212612,0.709206308041139,0.6912,18.2634,42.796,120.17872,15.57801,150.22596,4.156789973182,1.44232,0.0006912,0.0091317,0.021398,0.12017872,0.01557801,0.07511298,0.004156789973182,0.00144232,0.282308879986591,22.2290456682355,21.7503527981842,0.109269214171828,0.116968153709597,0.567237260162971,0.559258019817271,0.176420483029028,12.2291216124043,0.832147159834535
4,"DL1",15,"8/25/2018",1.227874362,1.178,2.155,0.282944673,0.667059101,177,413,127,8,676,0.9,374,48,77,210,52,5,121,1,222,17,5212,725,147,225,25.6,67.5,33.3,0,2,78,18,2,NA,NA,NA,NA,NA,4,0.347420509841174,0.819064768056669,6.66,259.74,59.94,6.66,0.00666,0.25974,0.05994,0.00666,20,0.25,0.2048,20.6087,10.4521,7.69596,1.35216,23.37126,0.064169999586,11.07964,0.0002048,0.01030435,0.00522605,0.00769596,0.00135216,0.01168563,6.4169999586e-05,0.01107964,0.064630424999793,5.08900984250339,1.95286166851047,0.328032444011698,0.33383226852339,0.754243645382264,0.75163689724867,0.321214887833971,3.89377065714389,0.103260434893747,0.128,10.479,4.2796,3.34796,0.47889,13.87278,0.07129999954,1.98319,0.000128,0.0052395,0.0021398,0.00334796,0.00047889,0.00693639,7.129999954e-05,0.00198319,0.03163604999977,2.49102755903701,1.23245955815693,0.453284815368993,0.457324159156926,0.819135788284149,0.817723083734245,0.359508982833529,2.19467522294982,0.083762634182748
5,"DL1",50,"8/24/2018",1.436232889,1.118,1.482,0.245019391,0.59755102,121,280,84,4,713,0.7,174,24,577.5,182,142.5,6.5,110.5,5.9,612,117.5,5397,682,97,185,8.5,38.8,33.6,0,1,80,17,1,NA,NA,NA,NA,NA,5,0.351904907796951,0.858222427779497,3.36,268.8,57.12,3.36,0.00336,0.2688,0.05712,0.00336,10,0.111111111111111,0.1024,13.972,6.9132,5.26108,0.67608,10.87326,0.049909999678,11.68607,0.0001024,0.006986,0.0034566,0.00526108,0.00067608,0.00543663,4.9909999678e-05,0.01168607,0.040646229999839,3.20049055116842,1.62806066772032,0.40950559629788,0.414150758877992,0.79822569350382,0.796467511588845,0.300399601415258,6.281254414612,0.121987069324304,0.1664,9.0818,11.72775,25.1097,3.309975,38.24388,0.420669997286,1.811095,0.0001664,0.0045409,0.005863875,0.0251097,0.003309975,0.01912194,0.000420669997286,0.001811095,0.074462349998643,5.86317716524748,7.78440059897546,0.303542683322405,0.309683680054453,0.739391684126649,0.736461384593124,0.185134891675759,40.0060081695112,0.264065968787122
6,"DL1",100,"8/24/2018",1.604675356,1.504,2.97,0.22763695,0.648568608,228,555,225,3,612,5.3,665,34,132,222,67,29,161,18.1,249,34,5080,496,99,95,5.2,163,30.2,0,1,84,14,1,NA,NA,NA,NA,NA,6,0.365283403780004,1.04074206193282,3.02,253.68,42.28,3.02,0.00302,0.25368,0.04228,0.00302,10,0.111111111111111,0.0768,27.6945,18.5175,9.91344,0.95778,41.55585,0.377889997562,10.03068,7.68e-05,0.01384725,0.00925875,0.00991344,0.00095778,0.020777925,0.000377889997562,0.01003068,0.098446144998781,7.75166496053394,2.06234822820635,0.256555806164169,0.263318113054947,0.708114624629318,0.704442632825949,0.201189306696748,9.89314881784773,0.0762453649049868,0.7424,11.0778,5.5141,5.73936,0.95778,15.56001,1.290529991674,2.63879,0.0007424,0.0055389,0.00275705,0.00573936,0.00095778,0.007780005,0.001290529991674,0.00263879,0.037836339995837,2.97923936975095,1.99264715598409,0.422081403167356,0.426550538495027,0.804401088137628,0.802748839306312,0.234990904138327,8.02057549541493,1.03534970607233
7,"DL2",15,"8/25/2018",1.287251573,1.4,9.39,0.300791851,0.680109739,1943,496,624,11,992,22.9,1945,528,83.5,118.5,52.5,18.5,151.5,15.8,137,26.5,5086,663,97,410,8.2,45,32.4,0,3,78,17,1,NA,NA,NA,NA,NA,7,0.387194783345332,0.87547233134037,9.72,252.72,55.08,3.24,0.00972,0.25272,0.05508,0.00324,10,0.111111111111111,0.2816,24.7504,51.3552,84.48164,14.87376,121.54305,1.632769989466,16.25888,0.0002816,0.0123752,0.0256776,0.08448164,0.01487376,0.060771525,0.001632769989466,0.01625888,0.256412974994733,20.1899980310813,13.6952204288333,0.120099715020783,0.127842946741782,0.581461503923738,0.573984744683484,0.146651267026934,99.3872798046085,0.109008219647507,0.4736,5.91315,4.32075,3.63058,0.746505,8.56113,1.126539992732,2.483085,0.0004736,0.002956575,0.002160375,0.00363058,0.000746505,0.004280565,0.001126539992732,0.002483085,0.023025184996366,1.81300669262724,1.60498295392046,0.507423971887713,0.510749562526678,0.842949749516835,0.841884704212755,0.254135705024021,6.16300271645522,0.267644128512493
8,"DL2",50,"8/24/2018",1.412134189,2.69,3.81,0.248522167,0.605556771,635,340,210,13,713,4.5,633,194,190,574,153,4,73,3,717,16,5052,713,204,267,5.3,77.6,32.8,0,2,77,18,3,NA,NA,NA,NA,NA,8,0.350946648745068,0.855127419709544,6.56,252.56,59.04,9.84,0.00656,0.25256,0.05904,0.00984,30,0.428571428571428,0.3328,16.966,17.283,27.6098,5.46498,39.55617,0.32084999793,11.68607,0.0003328,0.008483,0.0086415,0.0276098,0.00546498,0.019778085,0.00032084999793,0.01168607,0.096512419998965,7.5994031495248,6.67197347075454,0.259821615182936,0.266542827045657,0.710424269562938,0.706809823165661,0.228673629837362,10.7235393053971,0.19290089878491,0.1024,28.6426,12.5919,8.2612,0.45072,44.80533,0.21389999862,1.19647,0.0001024,0.0143213,0.00629595,0.0082612,0.00045072,0.022402665,0.00021389999862,0.00119647,0.09115217499931,7.1773366141189,1.81939822974344,0.269297181464756,0.275897063033566,0.717002280332877,0.71354931213453,0.348325068538775,2.44808232612595,0.0452978461901081
9,"DL2",100,"8/24/2018",1.604592543,4.32,4.66,0.254616938,0.524383408,817,341,282,12,674,7.3,838,242,651,443,289,7,71,3.6,1080,45,8658,1191,1025,217,8.3,495,58.2,0,1,74,17,8,NA,NA,NA,NA,NA,9,0.408556440036293,0.841421706149727,5.82,430.68,98.94,46.56,0.00582,0.43068,0.09894,0.04656,80,4,0.3072,17.0159,23.2086,35.52316,6.81714,52.36662,0.520489996642,11.04686,0.0003072,0.00850795,0.0116043,0.03552316,0.00681714,0.02618331,0.000520489996642,0.01104686,0.119698544998321,9.42508228333236,7.92102278533191,0.22511900624339,0.232253256334533,0.684645757929336,0.680364223577393,0.193662425928589,5.14044480523144,0.353407574692986,0.1792,22.1057,23.7847,28.30548,1.26765,67.4892,0.256679998344,1.16369,0.0001792,0.01105285,0.01189235,0.02830548,0.00126765,0.0337446,0.000256679998344,0.00116369,0.128965949999172,10.1547992125332,5.90914436432688,0.213522480090686,0.220780483509529,0.675354447617012,0.670819219599428,0.217802049003923,3.63986335780197,0.183111778763084
10,"DL3",50,"8/24/2018",1.484016224,4.75,5.65,0.267790928,0.600108666,987,583,319,11,857,0.8,1211,157,618,422,197,7,109,5.5,895,88,5121,968,508,297,4.6,188,36.6,0,2,70,22,6,NA,NA,NA,NA,NA,10,0.397406081792016,0.890570996506997,7.32,256.2,80.52,21.96,0.00732,0.2562,0.08052,0.02196,60,1.5,0.2816,29.0917,26.2537,42.91476,4.42269,75.67539,0.057039999632,14.04623,0.0002816,0.01454585,0.01312685,0.04291476,0.00442269,0.037837695,5.7039999632e-05,0.01404623,0.161881949999816,12.746610236206,8.15794777254771,0.179756268141243,0.18731621020531,0.645905950055395,0.640521071174226,0.324091971155559,6.32428144785828,0.123458939499203,0.1792,21.0578,16.2131,26.87064,2.47896,55.92855,0.39214999747,1.78651,0.0001792,0.0105289,0.00810655,0.02687064,0.00247896,0.027964275,0.00039214999747,0.00178651,0.109053179998735,8.58686456682953,6.22455155472706,0.239922315224738,0.246887273713674,0.695989478277413,0.692008189006004,0.353088910845905,4.34110861420721,0.0863555910853815
11,"DL3",100,"8/24/2018",1.492794445,5.94,7.98,0.251661803,0.522897258,1684,587,354,25,1062,0.8,1414,655,868,471,244,10,97,2.1,1088,255,6131,910,606,241,1.8,285,41.5,0,1,74,18,6,NA,NA,NA,NA,NA,11,0.375679341537084,0.780578122048132,4.15,307.1,74.7,24.9,0.00415,0.3071,0.0747,0.0249,60,1.5,0.64,29.2913,29.1342,73.22032,18.45135,88.36086,0.057039999632,17.40618,0.00064,0.01464565,0.0145671,0.07322032,0.01845135,0.04418043,5.7039999632e-05,0.01740618,0.201673804999816,15.8798271653398,13.5470708316258,0.149685355645879,0.157411072058004,0.615882077435062,0.609561296350613,0.237837635495444,11.8786114172864,0.616573841138663,0.256,23.5029,20.0812,37.74064,7.18335,67.98912,0.149729999034,1.58983,0.000256,0.01175145,0.0100406,0.03774064,0.00718335,0.03399456,0.000149729999034,0.00158983,0.135032994999517,10.6325192913006,8.08463127346817,0.206495025117003,0.213823622604722,0.669534886348082,0.664837219899469,0.258603045987999,6.32648402664977,0.255673952155355
12,"HIGH1",15,"11/4/2018",1.406282041,5.08,6.83,0.234839324,0.656374767,1137,355,322,25,496,28.8,1111,324,635,466,279,22,114,10.1,1011,60,5341,1189,822,429,54,414,41.3,0,3,64,24,9,NA,NA,NA,NA,NA,12,0.33025032386178,0.92304804699766,12.39,264.32,99.12,37.17,0.01239,0.26432,0.09912,0.03717,90,8.99999999999999,0.64,17.7145,26.5006,49.43676,9.12708,69.42639,2.053439986752,8.12944,0.00064,0.00885725,0.0132503,0.04943676,0.00912708,0.034713195,0.002053439986752,0.00812944,0.148334849993376,11.6799094482973,10.5142837246817,0.192439077117113,0.199897347030382,0.65742573391667,0.652381405353844,0.30082296063776,5.59806684899627,0.215746710618736,0.5632,23.2534,22.9617,27.6098,1.6902,63.17739,0.720129995354,1.86846,0.0005632,0.0116267,0.01148085,0.0276098,0.0016902,0.031588695,0.000720129995354,0.00186846,0.125618384997677,9.89121141713992,5.74362807908415,0.217585121095724,0.224800748126883,0.678652385468303,0.674208003148222,0.371268583092707,2.64914222422771,0.161054342249423
13,"HIGH1",50,"11/4/2018",1.585158997,8.38,13.1,0.239252074,0.547329193,2319,506,605,21,591,89.7,2042,1033,1351,442,424,13,91,25.9,1619,279,7473,1258,1635,351,14.3,1077,55.9,0,2,66,19,13,NA,NA,NA,NA,NA,13,0.37925257765201,0.867603794604699,11.18,368.94,106.21,72.67,0.01118,0.36894,0.10621,0.07267,130,-4.33333333333333,0.5376,25.2494,49.7915,100.83012,29.09961,127.60458,6.395609958738,9.68649,0.0005376,0.0126247,0.02489575,0.10083012,0.02909961,0.06380229,0.006395609958738,0.00968649,0.275920194979369,21.7259996046747,16.4610018921377,0.111791489336036,0.119503682105087,0.570642483579896,0.562784814754774,0.198276534353203,7.77571016295315,0.265766762599978,0.3328,22.0558,34.8952,58.74148,7.85943,101.17131,1.846669988086,1.49149,0.0003328,0.0110279,0.0174476,0.05874148,0.00785943,0.050585655,0.001846669988086,0.00149149,0.193258244994043,15.2171846452002,11.0080198784766,0.15530280399984,0.163007040477226,0.621819493105084,0.615689252459623,0.22339564075744,4.48098759791022,0.163388983883408
14,"HIGH1",100,"11/4/2018",1.432892749,6.79,14.5,0.313591302,0.563869992,2862,457,682,20,717,22.1,2647,828,1314,181,232,7,91,20.3,1125,343,6273,1045,1244,263,4,542,46.2,0,1,68,19,12,NA,NA,NA,NA,NA,14,0.449342702785269,0.807965222915488,4.62,314.16,87.78,55.44,0.00462,0.31416,0.08778,0.05544,120,-6,0.512,22.8043,56.1286,124.43976,23.32476,165.41103,1.575729989834,11.75163,0.000512,0.01140215,0.0280643,0.12443976,0.02332476,0.082705515,0.001575729989834,0.01175163,0.325145869994917,25.6020370074738,19.8082055077617,0.0944635295153676,0.10204304931426,0.545945856117034,0.537188718937442,0.171356793308649,11.7303493457465,0.569875909436938,0.1792,9.0319,19.0936,57.13272,9.66231,70.30125,1.447389990662,1.49149,0.0001792,0.00451595,0.0095468,0.05713272,0.00966231,0.035150625,0.001447389990662,0.00149149,0.133383304995331,10.5026224405772,15.235256576099,0.208364740143206,0.215674904438045,0.671097810616671,0.66644403593929,0.188887250824815,7.08290982188058,0.264742659332545
15,"HIGH2",15,"11/4/2018",1.406282041,8.23,13.54,0.269662617,0.67883549,2747,378,616,33,426,26.4,2472,593,1427,458,435,31,124,5.2,1748,103,5341,1189,822,429,54,414,41.3,0,3,64,24,9,NA,NA,NA,NA,NA,15,0.379221695416161,0.954634158380435,12.39,264.32,99.12,37.17,0.01239,0.26432,0.09912,0.03717,90,8.99999999999999,0.8448,18.8622,50.6968,119.43956,16.70481,154.47528,1.882319987856,6.98214,0.0008448,0.0094311,0.0253484,0.11943956,0.01670481,0.07723764,0.001882319987856,0.00698214,0.296961094993928,23.3827633853487,20.2528677942349,0.103815238703576,0.111478845731569,0.559664735466162,0.551412304769385,0.22073514622008,15.1915425320017,0.317597700450447,0.7936,22.8542,35.8005,62.04596,2.90151,109.23252,0.370759997608,2.03236,0.0007936,0.0114271,0.01790025,0.06204596,0.00290151,0.05461626,0.000370759997608,0.00203236,0.201959314998804,15.9023082676224,11.4571631485051,0.149500745946477,0.157227083481892,0.61568409259857,0.609356912151693,0.29216469442347,6.57232774088451,0.249598761736304
16,"HIGH2",50,"11/4/2018",1.585158997,10.55,16.18,0.229227094,0.561213434,3125,391,628,37,518,45.1,2839,938,2109,382,458,31,99,9.9,2130,230,7473,1258,1635,351,14.3,1077,55.9,0,2,66,19,13,NA,NA,NA,NA,NA,16,0.363361390410265,0.889612524142366,11.18,368.94,106.21,72.67,0.01118,0.36894,0.10621,0.07267,130,-4.33333333333333,0.9472,19.5109,51.6844,135.875,26.42346,177.40911,3.215629979254,8.49002,0.0009472,0.00975545,0.0258422,0.135875,0.02642346,0.088704555,0.003215629979254,0.00849002,0.336080064989627,26.4629972432777,22.773453403945,0.0911876228267773,0.0987298659401124,0.540896164596912,0.531950154853423,0.169985646333678,12.5101478239254,0.557487286982529,0.7936,19.0618,37.6934,91.69932,6.4791,133.1037,0.705869995446,1.62261,0.0007936,0.0095309,0.0188467,0.09169932,0.0064791,0.06655185,0.000705869995446,0.00162261,0.240509149997723,18.9377283462774,17.213860683229,0.127637212147428,0.135393423117786,0.590795117605318,0.583640327397704,0.198769082785463,7.8858404262541,0.438233204072724
17,"HIGH2",100,"11/4/2018",1.432892749,9.26,12.14,0.25484198,0.606960082,2168,507,578,15,677,3.8,2179,643,1723,382,377,18,85,9,1801,294,6273,1045,1244,263,4,542,46.2,0,1,68,19,12,NA,NA,NA,NA,NA,17,0.365161225282803,0.869708700430245,4.62,314.16,87.78,55.44,0.00462,0.31416,0.08778,0.05544,120,-6,0.384,25.2993,47.5694,94.26464,18.11331,136.16571,0.270939998252,11.09603,0.000384,0.01264965,0.0237847,0.09426464,0.01811331,0.068082855,0.000270939998252,0.01109603,0.271098869999126,21.3463677164666,15.6168450151257,0.113757183510405,0.121478425088485,0.573256039246737,0.565491135132327,0.19718548498271,8.0722842909742,0.389257750103268,0.4608,19.0618,31.0271,74.91604,8.28198,112.54449,0.64169999586,1.39315,0.0004608,0.0095309,0.01551355,0.07491604,0.00828198,0.056272245,0.00064169999586,0.00139315,0.20548022499793,16.1795452754276,14.9699056641269,0.147254949507751,0.154988394358152,0.613260551330334,0.606854797786788,0.213472241761354,6.9493726646029,0.507579724797441
18,"LOW1",15,"11/4/2018",1.227874362,2.046,4.86,0.248448721,0.633395275,827,533,319,21,472,32,949,479,233,208,67,7,122,4,320,89,5212,725,147,225,25.6,67.5,33.3,0,2,78,18,2,NA,NA,NA,NA,NA,18,0.305063814787591,0.77772981918444,6.66,259.74,59.94,6.66,0.00666,0.25974,0.05994,0.00666,20,0.25,0.5376,26.5967,26.2537,35.95796,13.49343,59.30301,2.28159998528,7.73608,0.0005376,0.01329835,0.01312685,0.03595796,0.01349343,0.029651505,0.00228159998528,0.00773608,0.14215674499264,11.1934444876094,6.99497076108781,0.19875125612882,0.206153321113606,0.662944380282071,0.658059486182733,0.228063767220928,18.0835180891406,0.268370762770408,0.1792,10.3792,5.5141,10.13084,2.50713,19.9968,0.28519999816,1.99958,0.0001792,0.0051896,0.00275705,0.01013084,0.00250713,0.0099984,0.00028519999816,0.00199958,0.04344107499908,3.42055708654173,3.59379593980128,0.397805172752309,0.402615205663,0.792348154785347,0.790486116758871,0.314711527074588,6.89007515123503,0.121589116766419
19,"LOW1",50,"11/4/2018",1.436232889,5.62,10.17,0.234165561,0.549823855,1758,519,413,7,488,5.4,1485,1090,823,379,236,5,118,4.7,993,268,5397,682,97,185,8.5,38.8,33.6,0,1,80,17,1,NA,NA,NA,NA,NA,19,0.336316280179336,0.789675103707767,3.36,268.8,57.12,3.36,0.00336,0.2688,0.05712,0.00336,10,0.111111111111111,0.1792,25.8981,33.9899,76.43784,30.7053,92.79765,0.385019997516,7.99832,0.0001792,0.01294905,0.01699495,0.07643784,0.0307053,0.046398825,0.000385019997516,0.00799832,0.210538489998758,16.5778338581699,13.9686198733338,0.144125243995776,0.151867173194177,0.609835766758874,0.603318230338618,0.180699110967429,86.3221609098065,0.200209858708284,0.128,18.9121,19.4228,35.78404,7.54956,62.05257,0.335109997838,1.93402,0.000128,0.00945605,0.0097114,0.03578404,0.00754956,0.031026285,0.000335109997838,0.00193402,0.123252834998919,9.70494763771016,8.17348370455979,0.22054041748141,0.227724542014291,0.681021995602378,0.676642345765419,0.206353609845654,42.6915104271753,0.151726050787445
20,"LOW1",100,"11/4/2018",1.604675356,7.03,21.81,0.26084007,0.548061056,4209,499,1057,45,881,0.8,3832,1805,1129,421,249,14,97,2.1,1222,397,5080,496,99,95,5.2,163,30.2,0,1,84,14,1,NA,NA,NA,NA,NA,20,0.418563632186315,0.879460070146536,3.02,253.68,42.28,3.02,0.00302,0.25368,0.04228,0.00302,10,0.111111111111111,1.152,24.9001,86.9911,183.00732,50.84685,239.46168,0.057039999632,14.43959,0.001152,0.01245005,0.04349555,0.18300732,0.05084685,0.11973084,5.7039999632e-05,0.01443959,0.476104279999816,37.4885259842375,24.4672688006629,0.061075791734046,0.0680206673773158,0.486478464504004,0.475399445289004,0.0844940237413177,271.200987342393,1.66828534685717,0.3584,21.0079,20.4927,49.08892,11.18349,76.36278,0.149729999034,1.58983,0.0003584,0.01050395,0.01024635,0.04908892,0.01118349,0.03818139,0.000149729999034,0.00158983,0.149048564999517,11.7361074802769,10.7763400540144,0.191732458235919,0.199196800498001,0.656799391777172,0.651736815713385,0.165556836871067,60.3491784364401,0.437215347287656
21,"LOW2",15,"11/4/2018",1.227874362,1.765,3.55,0.25152032,0.635950215,369,515,186,15,407,8,599,255,158,222,68,7,143,2.7,281,54,5212,725,147,225,25.6,67.5,33.3,0,2,78,18,2,NA,NA,NA,NA,NA,21,0.308835352450036,0.780866964506888,6.66,259.74,59.94,6.66,0.00666,0.25974,0.05994,0.00666,20,0.25,0.384,25.6985,15.3078,16.04412,7.18335,37.43151,0.57039999632,6.67073,0.000384,0.01284925,0.0076539,0.01604412,0.00718335,0.018715755,0.00057039999632,0.00667073,0.09386410999816,7.39087480300473,3.54328109501877,0.264423063528271,0.271085729728264,0.71364113452527,0.710106103394746,0.295305637632842,7.66075948924031,0.182444393079479,0.1792,11.0778,5.5964,6.86984,1.52118,17.55969,0.192509998758,2.34377,0.0001792,0.0055389,0.0027982,0.00686984,0.00152118,0.008779845,0.000192509998758,0.00234377,0.039787139999379,3.13284566924244,2.37924473541102,0.413259461740129,0.417851940234725,0.800084094233021,0.798358135070752,0.322886940439383,4.48047131285336,0.116621118479603
22,"LOW2",50,"11/4/2018",1.436232889,4.6,5.14,0.248433712,0.549332184,658,502,257,11,402,5,915,227,474,452,265,4,93,2.5,950,61,5397,682,97,185,8.5,38.8,33.6,0,1,80,17,1,NA,NA,NA,NA,NA,22,0.356808667910754,0.788968949646999,3.36,268.8,57.12,3.36,0.00336,0.2688,0.05712,0.00336,10,0.111111111111111,0.2816,25.0498,21.1511,28.60984,6.39459,57.17835,0.3564999977,6.58878,0.0002816,0.0125249,0.01057555,0.02860984,0.00639459,0.028589175,0.0003564999977,0.00658878,0.12449490499885,9.8027484251063,5.95257956336442,0.218979763589459,0.226180593459308,0.679773676997443,0.675359982357519,0.227545844206333,29.708493838111,0.290515184023714,0.1024,22.5548,21.8095,20.60952,1.71837,59.3655,0.17824999885,1.52427,0.0001024,0.0112774,0.01090475,0.02060952,0.00171837,0.02968275,0.00017824999885,0.00152427,0.115796204999425,9.11781141727756,4.37588659369503,0.230347709855639,0.237423504602303,0.688715862125743,0.684543259348031,0.212855885884554,22.2792982731685,0.110025765844306
23,"LOW2",100,"11/4/2018",1.604675356,6.19,9.3,0.254037512,0.481064316,1550,444,537,9,632,9,1710,415,900,422,322,5,83,2.9,1212,139,5080,496,99,95,5.2,163,30.2,0,1,84,14,1,NA,NA,NA,NA,NA,23,0.407647735005954,0.771952052536196,3.02,253.68,42.28,3.02,0.00302,0.25368,0.04228,0.00302,10,0.111111111111111,0.2304,22.1556,44.1951,67.394,11.69055,106.8579,0.64169999586,10.35848,0.0002304,0.0110778,0.02209755,0.067394,0.01169055,0.05342895,0.00064169999586,0.01035848,0.21836616499793,17.1941862203094,11.700743982692,0.139494274920684,0.147245574555215,0.604662790817141,0.597974758566815,0.114857805272193,87.078073440321,0.294401257708217,0.128,21.0578,26.5006,39.132,3.91563,75.73788,0.206769998666,1.36037,0.000128,0.0105289,0.0132503,0.039132,0.00391563,0.03786894,0.000206769998666,0.00136037,0.145667664999333,11.4698948818372,8.02478535890649,0.195120462842336,0.202555281633847,0.659786653793816,0.65481082800455,0.145816616672607,47.848898882235,0.155332452349467
24,"X-HI",15,"8/24/2018",1.406282041,13.2,11.52,0.288858062,0.68240988,2707,557,714,66,845,0.8,2617,705,116,146,44,2,71,4.5,205,22,5341,1189,822,429,54,414,41.3,0,3,64,24,9,NA,NA,NA,NA,NA,24,0.406215904988665,0.959660758844965,12.39,264.32,99.12,37.17,0.01239,0.26432,0.09912,0.03717,90,8.99999999999999,1.6896,27.7943,58.7622,117.70036,19.85985,163.53633,0.057039999632,13.84955,0.0016896,0.01389715,0.0293811,0.11770036,0.01985985,0.081768165,5.7039999632e-05,0.01384955,0.326671029999816,25.7221283464422,17.8913431545943,0.0939956302561763,0.101570089342426,0.545232823969676,0.53644911711489,0.248102436626275,12.6264290958014,0.535000823240934,0.0512,7.2854,3.6212,5.04368,0.61974,12.81045,0.32084999793,1.16369,5.12e-05,0.0036427,0.0018106,0.00504368,0.00061974,0.006405225,0.00032084999793,0.00116369,0.027316629998965,2.15091574795,2.1598213487599,0.478541644725264,0.482242292615412,0.830502520070124,0.829261852961151,0.529857314355589,0.71343493534107,0.0216944575861639
25,"X-HI",15,"8/24/2018",1.406282041,11.66,14.78,0.288858062,0.68240988,3401,560,1021,70,1184,0.8,3545,858,2318,416,530,30,302,1,2308,439,5341,1189,822,429,54,414,41.3,0,3,64,24,9,NA,NA,NA,NA,NA,25,0.406215904988665,0.959660758844965,12.39,264.32,99.12,37.17,0.01239,0.26432,0.09912,0.03717,90,8.99999999999999,1.792,27.944,84.0283,147.87548,24.16986,221.52705,0.057039999632,19.40576,0.001792,0.013972,0.04201415,0.14787548,0.02416986,0.110763525,5.7039999632e-05,0.01940576,0.430149419999816,33.8700330708517,19.7631362912756,0.0690312567479647,0.0761872899519405,0.502545195709343,0.492113511186134,0.205846929180545,17.0159648171023,0.605772892066662,0.768,20.7584,43.619,100.78664,12.36663,144.22692,0.07129999954,4.94978,0.000768,0.0103792,0.0218095,0.10078664,0.01236663,0.07211346,7.129999954e-05,0.00494978,0.26807549499977,21.1083066928953,17.7644288299036,0.11501824879914,0.122744723627421,0.574914713441636,0.567208435717312,0.250421903723532,11.9255533394442,0.268965950707939
26,"X-HI",50,"8/24/2018",1.585158997,13.2,27.6,0.250482759,0.567557252,7996,494,1599,76,1394,39.5,7024,1678,3559,389,574,37,115,8.5,3168,693,7473,1258,1635,351,14.3,1077,55.9,0,2,66,19,13,NA,NA,NA,NA,NA,26,0.397054999022233,0.899668484320396,11.18,368.94,106.21,72.67,0.01118,0.36894,0.10621,0.07267,130,-4.33333333333333,1.9456,24.6506,131.5977,347.66608,47.26926,438.92976,2.81634998183,22.84766,0.0019456,0.0123253,0.06579885,0.34766608,0.04726926,0.21946488,0.00281634998183,0.02284766,0.806450534990915,63.5000421252689,39.3341408193552,0.0298600777744279,0.0353305895588711,0.40162461148364,0.386943094241642,0.114543193766228,36.9520898986621,1.29500182655181,0.9472,19.4111,47.2402,154.74532,19.52181,197.96832,0.60604999609,1.88485,0.0009472,0.00970555,0.0236201,0.15474532,0.01952181,0.09898416,0.00060604999609,0.00188485,0.353472234998045,27.832459448665,26.8057651898337,0.086330096367808,0.0938087429371448,0.533148855253791,0.523909916048832,0.177026519067568,14.4702288357216,0.565745436129173
27,"X-HI",100,"8/24/2018",1.432892749,21.8,16.56,0.260105786,0.544149809,4460,513,852,31,1508,0.9,4049,930,5393,517,852,46,155,4.1,4928,1125,6273,1045,1244,263,4,542,46.2,0,1,68,19,12,NA,NA,NA,NA,NA,27,0.372703694732346,0.779708315685835,4.62,314.16,87.78,55.44,0.00462,0.31416,0.08778,0.05544,120,-6,0.7936,25.5987,70.1196,193.9208,26.1981,253.02201,0.064169999586,24.71612,0.0007936,0.01279935,0.0350598,0.1939208,0.0261981,0.126511005,6.4169999586e-05,0.02471612,0.471586704999793,37.1328114173065,28.0312137817287,0.061794800493962,0.0687607188543627,0.487993577342854,0.476976181535104,0.160044108511771,19.067609195392,0.91524494642723,1.1776,25.7983,70.1196,234.48764,31.69125,307.95072,0.292329998114,2.54045,0.0011776,0.01289915,0.0350598,0.23448764,0.03169125,0.15397536,0.000292329998114,0.00254045,0.538963254999057,42.4380515747289,33.8598572318277,0.0522468785186855,0.0588966309483506,0.466673936978204,0.454779070187266,0.159626674337861,23.8863861218213,1.40280226432526
28,"DL1",30,"7/16/2017",0.997073401,1.51,2.13,0.31546996,0.741752157,112,340,85,10,1204,0.3,263,133,111,192,44,7,663,2.7,193,58,6282,803,136,286,8,113,39.4,0,2,80,17,1,0.57,0.14558,0.67148,1.1941,0.1625492,28,0.314546705930534,0.739581345879076,7.88,315.2,66.98,3.94,0.00788,0.3152,0.06698,0.00394,10,0.111111111111111,0.256,16.966,6.9955,4.86976,3.74661,16.43487,0.021389999862,19.73356,0.000256,0.008483,0.00349775,0.00486976,0.00374661,0.008217435,2.1389999862e-05,0.01973356,0.054710029999931,4.30787637794732,1.40690753345022,0.357192810233686,0.36257959886529,0.770859059751735,0.768592210613069,0.328464892532304,5.45564921197969,0.142978207340672,0.1792,9.5808,3.6212,4.82628,1.63386,12.06057,0.192509998758,10.86657,0.0001792,0.0047904,0.0018106,0.00482628,0.00163386,0.006030285,0.000192509998758,0.01086657,0.034111779999379,2.68596692908496,1.87848463806176,0.440194093352674,0.444412385940722,0.813051983558033,0.81154263352162,0.344003288232303,6.83616946563823,0.126678041946555
29,"DL1",120,"7/16/2017",1.482359956,4.51,6.35,0.266608645,0.317235356,862,542,385,2,2959,0.4,1252,196,578,449,217,5,2027,0.6,944,87,6908,817,284,187,7.7,186,43.1,0,1,80,16,3,0.53,0.00020578,0.051277,1.157,0.135695765,29,0.39520997927142,0.470256988361804,4.31,344.8,68.96,12.93,0.00431,0.3448,0.06896,0.01293,30,0.428571428571429,0.0512,27.0458,31.6855,37.47976,5.52132,78.23748,0.028519999816,48.49801,5.12e-05,0.0135229,0.01584275,0.03747976,0.00552132,0.03911874,2.8519999816e-05,0.04849801,0.182758184999908,14.3904082677093,6.91635047131016,0.162824519078992,0.170492639655368,0.629518680996273,0.623631539543118,0.180574621845192,13.4084734240781,0.054436876577231,0.128,22.4051,17.8591,25.13144,2.45079,58.99056,0.042779999724,33.22253,0.000128,0.01120255,0.00892955,0.02513144,0.00245079,0.02949528,4.2779999724e-05,0.03322253,0.129742529999862,10.2159472440836,5.60109365317991,0.21259934756903,0.219866824401976,0.674598404820929,0.67004222737685,0.220279847041708,9.26386050476386,0.140592683724692
30,"DL2",30,"7/16/2017",1.156075139,0.93,1.96,0.279937571,0.676424656,104,281,75,6,1015,14.5,209,57,85,132,34,5,472,0.3,97,46,6130,687,130,222,8.8,35.9,37.5,0,2,81,15,2,0.57,0.00034237,0.13918,1.1782,0.151247666,30,0.323628866305147,0.781997728208227,7.5,303.75,56.25,7.5,0.0075,0.30375,0.05625,0.0075,20,0.25,0.1536,14.0219,6.1725,4.52192,1.60569,13.06041,1.03384999333,16.63585,0.0001536,0.00701095,0.00308625,0.00452192,0.00160569,0.006530205,0.00103384999333,0.01663585,0.045230264996665,3.56143818871378,1.42305732594076,0.390696272769065,0.39560688734327,0.788712075067643,0.786784308691609,0.277374693759093,2.75986804989278,0.0935177092047199,0.128,6.5868,2.7982,3.6958,1.29582,6.06153,0.021389999862,7.73608,0.000128,0.0032934,0.0013991,0.0036958,0.00129582,0.003030765,2.1389999862e-05,0.00773608,0.021885074999931,1.72323425196307,1.70610721856395,0.51587889387257,0.519097440308078,0.846490348845434,0.845472817327611,0.283239317199347,3.07389745020543,0.106333111305945
31,"DL2",120,"7/16/2017",1.454203398,1.68,3.73,0.183265857,0.629106201,276,482,175,2,1934,1.1,569,123,117,190,49,4,679,0.1,241,41,6326,726,138,232,9.9,80,38.9,0,2,80,16,2,0.58,9.5591e-05,0.27901,1.172,0.146757679,31,0.266505831986782,0.914848375197071,7.78,311.2,62.24,7.78,0.00778,0.3112,0.06224,0.00778,20,0.25,0.0512,24.0518,14.4025,12.00048,3.46491,35.55681,0.078429999494,31.69826,5.12e-05,0.0120259,0.00720125,0.01200048,0.00346491,0.017778405,7.8429999494e-05,0.03169826,0.097657749999747,7.68958661415331,2.73678802094952,0.257877959167336,0.264623676074447,0.709052369649177,0.705403795054558,0.255139446370547,6.11182647219175,0.0259419033961628,0.1024,9.481,4.0327,5.08716,1.15497,15.06009,0.007129999954,11.12881,0.0001024,0.0047405,0.00201635,0.00508716,0.00115497,0.007530045,7.129999954e-06,0.01112881,0.037314024999977,2.9381122047226,1.95705602402346,0.424517156826308,0.428952362359747,0.805580815052076,0.803948431503774,0.305071897152784,3.65413682093007,0.0734054729731172
32,"DL3",30,"7/16/2017",1.269198251,2.23,3.88,0.285728118,0.768096055,273,617,187,10,2322,18.2,696,195,172,326,82,10,1157,0.3,391,67,6858,1064,496,284,6.6,206,46,0,2,74,19,5,0.51,0.0030409,0.053528,1.1334,0.117698959,32,0.362645627627122,0.974866169606,9.2,340.4,87.4,23,0.0092,0.3404,0.0874,0.023,50,1,0.256,30.7883,15.3901,11.87004,5.49315,43.49304,1.297659991628,38.05758,0.000256,0.01539415,0.00769505,0.01187004,0.00549315,0.02174652,0.001297659991628,0.03805758,0.118158654995814,9.3038311020326,2.47028885856456,0.227156342491645,0.234268000196335,0.686240151227302,0.68200144910995,0.357602020317997,2.03868314220916,0.10924125885441,0.256,16.2674,6.7486,7.47856,1.88739,24.43359,0.021389999862,18.96323,0.000256,0.0081337,0.0033743,0.00747856,0.00188739,0.012216795,2.1389999862e-05,0.01896323,0.061752874999931,4.86243110235677,2.2045403679034,0.335973347474474,0.341661176412091,0.758876913143651,0.756367296541517,0.395301723224623,1.6067730921733,0.13704965413726
33,"DL3",60,"7/16/2017",1.570473419,5.67,8.56,0.22840773,0.62922872,1343,544,545,11,3631,14.9,1693,412,742,535,298,13,2579,0.7,1203,189,8141,1173,811,247,11.3,265,54.6,0,1,74,18,6,0.52,0.00071083,0.092173,1.1712,0.146174863,33,0.358708268659129,0.988186979231394,5.46,404.04,98.28,32.76,0.00546,0.40404,0.09828,0.03276,60,1.5,0.2816,27.1456,44.8535,58.39364,11.60604,105.79557,1.062369993146,59.51209,0.0002816,0.0135728,0.02242675,0.05839364,0.01160604,0.052897785,0.001062369993146,0.05951209,0.243222539996573,19.1513811020924,9.73233416061192,0.126297781613958,0.13405266273999,0.589167714132542,0.581957234041056,0.183676027491822,10.2483127711108,0.292902349432706,0.3328,26.6965,24.5254,32.26216,5.32413,75.17547,0.049909999678,42.26981,0.0003328,0.01334825,0.0122627,0.03226216,0.00532413,0.037587735,4.9909999678e-05,0.04226981,0.166516774999839,13.1115570866015,6.37500598096176,0.175744522336169,0.183333158863466,0.642133195371593,0.636634526616576,0.248473620227664,5.27528547590211,0.323707051914911
34,"DL3",120,"7/16/2017",1.440953253,5.5,10.04,0.290138549,0.630835919,1783,489,556,22,3539,0,1955,407,739,501,278,10,2411,7.7,1158,111,7059,1199,1244,255,0.4,515,51.3,0,1,69,19,11,0.458083447,0.00011328,0.013409,1.1379,0.121188154,34,0.41807608600225,0.909005069592295,5.13,353.97,97.47,56.43,0.00513,0.35397,0.09747,0.05643,110,-11,0.5632,24.4011,45.7588,77.52484,11.46519,122.16795,0,58.00421,0.0005632,0.01220055,0.0228794,0.07752484,0.01146519,0.061083975,0,0.05800421,0.26610657,20.9532732283465,13.0891485247326,0.115851603124418,0.123581296346702,0.57600325177184,0.568335344547933,0.194691302151156,7.4504326115167,0.58745644646506,0.256,24.9999,22.8794,32.13172,3.12687,72.36342,0.549009996458,39.51629,0.000256,0.01249995,0.0114397,0.03213172,0.00312687,0.03618171,0.000549009996458,0.03951629,0.158032664998229,12.4435169289944,6.56712186455754,0.183209534296975,0.190743387742889,0.649102421076708,0.643813081288303,0.282098398029576,2.73385473965458,0.237640621426843
35,"DL0",15,"7/23/2019",1.534863655,6.56,7.52,0.348794517,0.703296703,1235,414,335,50,3.6,1371,421,179,956,474.8,266,44,121,19.8,1229,173,6574,1328,1317,523,12.2,2587,51,0,3,64,22,11,NA,NA,NA,NA,NA,35,0.53535202720658,1.07946454811603,15.3,326.4,112.2,56.1,0.0153,0.3264,0.1122,0.0561,110,-11,1.28,20.6586,27.5705,53.6978,5.04243,26.30829,97.75229936934,0.059004,0.00128,0.0103293,0.01378525,0.0536978,0.00504243,0.013154145,0.09775229936934,5.9004e-05,0.15345315668467,12.0829257232024,10.9349527808381,0.187469867455433,0.194969854898458,0.652983248751243,0.647808826355442,0.29177819344841,4.63601294980955,0.401989184117064,1.1264,23.69252,21.8918,41.56688,4.87341,76.80021,1.411739990892,1.98319,0.0011264,0.01184626,0.0109459,0.04156688,0.00487341,0.038400105,0.001411739990892,0.00198319,0.147865339995446,11.6429401571217,8.70672214566386,0.192906401909063,0.200360630938987,0.657839004291274,0.652806698734321,0.35089301564543,3.32805416527263,0.32814970099702
36,"DL0",100,"7/23/2019",1.621652104,10.09,13.89,0.272738109,0.621456764,2728,427.9,655,25,3.1,2591,606,793,2165,410.1,410,22,83,16.8,2100,317,5121,1064,1424,229,2.3,1260,41.2,0,1,62,21,15,NA,NA,NA,NA,NA,36,0.442286328300831,1.00778666888563,4.12,255.44,86.52,61.8,0.00412,0.25544,0.08652,0.0618,150,-3,0.64,21.35221,53.9065,118.61344,22.33881,37.86894,184.73829880814,0.050809,0.00064,0.010676105,0.02695325,0.11861344,0.02233881,0.01893447,0.18473829880814,5.0809e-05,0.27631832890407,21.7573487326039,19.3361726111828,0.11163159892014,0.119343006993833,0.570428364401528,0.562563074744517,0.206169082493158,8.10094070855546,0.646610712517857,0.5632,20.46399,33.743,94.1342,8.92989,131.229,1.197839992272,1.36037,0.0005632,0.010231995,0.0168715,0.0941342,0.00892989,0.0656145,0.001197839992272,0.00136037,0.238528739996136,18.7817905508769,18.0815138215603,0.128629473047074,0.136386408809873,0.591992356044716,0.584878413697558,0.25616253647501,6.34912036976441,0.562949611528048
37,"DL0 Mid",50,"7/23/2019",1.614695778,10.34,30.9,0.314585458,0.730354391,8979,633.1,1912,115,1408,44.1,7866,1988,2260,428.7,415,45,106,28.1,2101,318,7046,1315,2111,394,4.4,1870,56.4,0,2,62,19,16,NA,NA,NA,NA,NA,37,0.507959810852796,1.17930015159146,11.28,349.68,107.16,90.24,0.01128,0.34968,0.10716,0.09024,160,-2.66666666666667,2.944,31.59169,157.3576,390.40692,56.00196,491.54634,3.144329979714,23.07712,0.002944,0.015795845,0.0786788,0.39040692,0.05600196,0.24577317,0.003144329979714,0.02307712,0.918282794989857,72.3057318889651,40.1661191874343,0.0244965967404817,0.0295404838115512,0.380674030573032,0.365074099401554,0.125039881661635,29.276432612937,1.69377693203033,1.152,21.39213,34.1545,98.2648,8.95806,131.29149,2.003529987074,1.73734,0.001152,0.010696065,0.01707725,0.0982648,0.00895806,0.065645745,0.002003529987074,0.00173734,0.242895984993537,19.1256681097273,18.6459327972015,0.126457768989207,0.134212830429861,0.58936278648861,0.582158991831415,0.235418560691948,6.10193556191835,0.565289616500597
38,"DL0 Mid",100,"7/23/2019",1.621652104,12.81,13.96,0.264874953,0.643383436,4510,606.4,1123,43,7,10,4307,963,2829,401.4,441,32,90,10.9,2622,433,5121,1064,1424,229,2.3,1260,41.2,0,1,62,21,15,NA,NA,NA,NA,NA,38,0.429535024829351,1.04334410266815,4.12,255.44,86.52,61.8,0.00412,0.25544,0.08652,0.0618,150,-3,1.1008,30.25936,92.4229,196.0948,27.12771,269.14443,0.7129999954,0.11473,0.0011008,0.01512968,0.04621145,0.1960948,0.02712771,0.134572215,0.0007129999954,0.00011473,0.5044022099977,39.7167094486378,25.0374555475134,0.0568449970134957,0.0636573109501958,0.477279067962978,0.465823417219398,0.183142719238498,13.1910054679727,1.08407775296566,0.8192,20.02986,36.2943,123.00492,12.19761,163.84878,0.777169994986,1.4751,0.0008192,0.01001493,0.01814715,0.12300492,0.01219761,0.08192439,0.000777169994986,0.0014751,0.289309939997493,22.7803102360231,23.1787557440142,0.106607811121788,0.114290683342773,0.563578832142952,0.555468094904134,0.243016884205158,8.76918260678871,0.86342034876182
39,"DL2",15,"7/23/2019",1.523932286,1.242,2.2,0.328947368,0.708788983,167,239.9,79,45,0,194,848,64,101,150,43,22,136,1.7,187,22,5489,905,157,473,3.3,66.3,36.9,0,3,74,20,2,NA,NA,NA,NA,NA,39,0.501293514489923,1.08014641515481,11.07,273.06,73.8,7.38,0.01107,0.27306,0.0738,0.00738,20,0.25,1.152,11.97101,6.5017,7.26116,1.80288,52.99152,13.83219991076,0,0.001152,0.005985505,0.00325085,0.00726116,0.00180288,0.02649576,0.01383219991076,0,0.08348834995538,6.57388582325827,2.38921756106325,0.284043765453159,0.290449443356446,0.726895888505458,0.723679034290906,0.362666604227831,4.7362750299204,0.498730473503438,0.5632,7.485,3.5389,4.39148,0.61974,11.68563,0.121209999218,2.22904,0.0005632,0.0037425,0.00176945,0.00439148,0.00061974,0.005842815,0.000121209999218,0.00222904,0.026671864999609,2.10014685036291,1.8705024204842,0.482614930773795,0.486261848575147,0.832292302921298,0.831077710644954,0.391584336284319,3.18205169040476,0.271664859223457
40,"DL2 Mid",15,"7/23/2019",1.523932286,1.884,2.58,0.317061974,0.705391719,212,281.9,98,36,0,249,799,106,190,229.7,71,21,128,1.5,336,34,5489,905,157,473,3.3,66.3,36.9,0,3,74,20,2,NA,NA,NA,NA,NA,40,0.483180978841493,1.07496921486114,11.07,273.06,73.8,7.38,0.01107,0.27306,0.0738,0.00738,20,0.25,0.9216,14.06681,8.0654,9.21776,2.98602,49.92951,17.75369988546,0,0.0009216,0.007033405,0.0040327,0.00921776,0.00298602,0.024964755,0.01775369988546,0,0.08750125994273,6.88986298761654,2.7709456212793,0.276134762572306,0.282645341935087,0.721639878074365,0.718298600301315,0.352795272274168,5.58475711739333,0.370522509363791,0.5376,11.46203,5.8433,8.2612,0.95778,20.99664,0.10694999931,2.09792,0.0005376,0.005731015,0.00292165,0.0082612,0.00095778,0.01049832,0.00010694999931,0.00209792,0.044282694999655,3.48682637792559,2.80845966868972,0.39442591568855,0.399283727038413,0.79062598921978,0.788732960923512,0.376219992337492,5.08296890441582,0.219989129647294
41,"DL2 Mid",50,"7/23/2019",1.295532914,4.52,7.1,0.257566938,0.630976238,1639,549.5,436,63,0,1641,1469,508,566,470.7,214,9,121,5.1,927,61,5358,1195,830,264,1.9,525.1,41,0,2,65,24,9,NA,NA,NA,NA,NA,41,0.333686445737197,0.817450484280898,8.2,266.5,98.4,36.9,0.0082,0.2665,0.0984,0.0369,90,9,1.6128,27.42005,35.8828,71.26372,14.31036,91.79781,117.00329924514,0,0.0016128,0.013710025,0.0179414,0.07126372,0.01431036,0.045898905,0.11700329924514,0,0.25719574962257,20.2516338285488,12.6669441370893,0.119747422666498,0.127489709399335,0.581014487482312,0.573522152612475,0.312812692084543,7.38030121122352,0.741928172449168,0.2304,23.48793,17.6122,24.60968,1.71837,57.92823,0.363629997654,1.98319,0.0002304,0.011743965,0.0088061,0.02460968,0.00171837,0.028964115,0.000363629997654,0.00198319,0.113480994998827,8.93551141723047,5.4287440535135,0.233555280247757,0.240594469721016,0.691177884888631,0.687070521876782,0.420112378092615,2.34565657796103,0.0982347020777804
42,"DL2 Mid",100,"7/23/2019",1.454700279,5.38,7.85,0.251454697,0.625343272,1259,528.7,323,33,0.2,1238,829,633,727,467.2,256,11,72,2.3,1114,121,5016,930,776,259,1.5,587.2,36.9,0,2,68,21,9,NA,NA,NA,NA,NA,42,0.36579121788176,0.909687032249173,7.38,250.92,77.49,33.21,0.00738,0.25092,0.07749,0.03321,90,8.99999999999999,0.8448,26.38213,26.5829,54.74132,17.83161,51.80421,88.26939943052,0.003278,0.0008448,0.013191065,0.01329145,0.05474132,0.01783161,0.025902105,0.08826939943052,3.278e-06,0.18561444371526,14.6153105287606,10.6374039593995,0.160718586305509,0.168397624612654,0.627390847268971,0.621436971888609,0.300558630050187,5.63568700767234,0.387665299056696,0.2816,23.31328,21.0688,31.60996,3.40857,69.61386,0.163989998942,1.18008,0.0002816,0.01165664,0.0105344,0.03160996,0.00340857,0.03480693,0.000163989998942,0.00118008,0.132318039999471,10.418743307045,6.71019464595568,0.209588123389043,0.216886087236739,0.67211467207229,0.667489348976629,0.319344660620264,3.2476087211514,0.129296235682162
43,"XHI",15,"7/23/2019",1.534863655,8.67,25.7,0.394204232,0.693005671,6386,614.4,1525,106,1794,19.9,6135,1978,1513,478.2,314,43,123,45.2,1511,483,6574,1328,1317,523,12.2,2587,51,0,3,64,22,11,NA,NA,NA,NA,NA,43,0.605049748343988,1.06366921712679,15.3,326.4,112.2,56.1,0.0153,0.3264,0.1122,0.0561,110,-11,2.7136,30.65856,125.5075,277.66328,55.72026,383.37615,1.418869990846,29.40366,0.0027136,0.01532928,0.06275375,0.27766328,0.05572026,0.191688075,0.001418869990846,0.02940366,0.723002044995423,56.9292948815294,31.4224555647379,0.0350317360272122,0.040848015189474,0.419292159421968,0.405379910244364,0.157336358404187,29.2301316560339,1.01268660075401,1.1008,23.86218,25.8422,65.78524,13.60611,94.42239,3.222759979208,2.01597,0.0011008,0.01193109,0.0129211,0.06578524,0.01360611,0.047211195,0.003222759979208,0.00201597,0.186992209989604,14.7237960621735,13.1961161909855,0.159719128669215,0.167403133573729,0.626373556041399,0.620387653833326,0.322648535695907,5.49200140716033,0.333742688090706
44,"XHI",50,"7/23/2019",1.614695778,13.54,27.9,0.291730537,0.684782609,7570,630.1,1647,124,1507,59.9,6601,1923,2952,428.9,501,55,95,31.2,2699,474,7046,1315,2111,394,4.4,1870,56.4,0,2,62,19,16,NA,NA,NA,NA,NA,44,0.471056066407573,1.10571558760012,11.28,349.68,107.16,90.24,0.01128,0.34968,0.10716,0.09024,160,-2.66666666666667,3.1744,31.44199,135.5481,329.1436,54.17091,412.49649,4.270869972446,24.69973,0.0031744,0.015720995,0.06777405,0.3291436,0.05417091,0.206248245,0.004270869972446,0.02469973,0.787216334986223,61.9855381878916,36.0209417755707,0.0309493741131038,0.0364975203453364,0.405527228920832,0.391016173165048,0.135914084020275,23.4482908070639,1.74442424918109,1.408,21.40211,41.2323,128.35296,13.35258,168.66051,2.224559985648,1.55705,0.001408,0.010701055,0.02061615,0.12835296,0.01335258,0.084330255,0.002224559985648,0.00155705,0.304742494992824,23.9954720466791,22.9358263038301,0.101092172334657,0.108734506664871,0.555770290646566,0.547375854519261,0.212885703563851,8.40428671575812,0.72640349020217
45,"XHI",100,"7/23/2019",1.621652104,15.92,25.1,0.315343613,0.675247525,5412,400.3,970,41,24.3,4619,891,1645,3658,426.3,542,48,104,26.5,3134,728,5121,1064,1424,229,2.3,1260,41.2,0,1,62,21,15,NA,NA,NA,NA,NA,45,0.511377633504412,1.09501656963704,4.12,255.44,86.52,61.8,0.00412,0.25544,0.08652,0.0618,150,-3,1.0496,19.97497,79.831,235.31376,46.33965,55.67859,329.33469787526,0.398277,0.0010496,0.009987485,0.0399155,0.23531376,0.04633965,0.027839295,0.32933469787526,0.000398277,0.46170255243763,36.3545316880024,33.310723169687,0.0634131012066508,0.0704248904036295,0.491355529672663,0.480474450817579,0.160772325935327,18.9900468105938,1.24241945721169,1.2288,21.27237,44.6066,159.04984,20.50776,195.84366,1.88944998781,1.70456,0.0012288,0.010636185,0.0223033,0.15904984,0.02050776,0.09792183,0.00188944998781,0.00170456,0.353912834993905,27.8671523617248,27.7124443591502,0.0862123032162635,0.0936892774388917,0.532956923190845,0.523710679052899,0.224375618240879,11.5703956515697,1.31760961932909
46,"DL1",15,"7/26/2019",1.36062425,1.916,3.59,0.241848686,0.632102729,380,442.5,150,26,113.8,461,408,171,139,243.6,66,21,129,76.4,205,65,5662,729,100,358,6.2,87.3,35.7,0,3,79,17,1,NA,NA,NA,NA,NA,46,0.329065187002236,0.860054301568578,10.71,282.03,60.69,3.57,0.01071,0.28203,0.06069,0.00357,10,0.111111111111111,0.6656,22.08075,12.345,16.5224,4.81707,25.49592,32.86929978794,1.865182,0.0006656,0.011040375,0.0061725,0.0165224,0.00481707,0.01274796,0.03286929978794,0.001865182,0.08829144589397,6.95208235385591,3.9824141702216,0.274626953888062,0.281157342413657,0.720624815490387,0.717259243868029,0.284433050067234,17.0822842534779,0.228313615521822,0.5376,12.15564,5.4318,6.04372,1.83105,12.81045,5.447319964856,2.11431,0.0005376,0.00607782,0.0027159,0.00604372,0.00183105,0.006405225,0.005447319964856,0.00211431,0.038384889982428,3.02243228208095,2.03806494479993,0.419557543835506,0.424061895311788,0.803173166965302,0.801500114579942,0.320199022390377,7.59400595978598,0.224697893638147
47,"DL0",15,"8/27/2019",1.534863655,3.6,5.29,0.394906187,0.629546726,953,443,297,44,318,0.6,1252,114,268,572.2,166,28,106,0.9,781,87,6574,1328,1317,523,12.2,2587,51,0,3,64,22,11,NA,NA,NA,NA,NA,47,0.606127153560934,0.966268388861643,15.3,326.4,112.2,56.1,0.0153,0.3264,0.1122,0.0561,110,-11,1.1264,22.1057,24.4431,41.43644,3.21138,78.23748,0.042779999724,5.21202,0.0011264,0.01105285,0.01222155,0.04143644,0.00321138,0.03911874,4.2779999724e-05,0.00521202,0.150300789999862,11.8347078740049,8.58901159594657,0.190503563028658,0.19797835665858,0.65570590107492,0.650611393587875,0.320670784585891,3.44500714947443,0.340709572835588,0.7168,28.55278,13.6618,11.65264,2.45079,48.80469,0.064169999586,1.73734,0.0007168,0.01427639,0.0068309,0.01165264,0.00245079,0.024402345,6.4169999586e-05,0.00173734,0.099330139999793,7.82127086612543,2.53634362080985,0.255088345478977,0.261868988625382,0.707069484225814,0.703371307963059,0.490474256787424,0.794363356866485,0.17823248171311
48,"DL0",100,"8/27/2019",1.621652104,8.86,10.74,0.33811389,0.576729393,2299,412.6,548,27,528,13.6,2081,653,1822,427.3,364,21,68,10.6,1852,304,5121,1064,1424,229,2.3,1260,41.2,0,1,62,21,15,NA,NA,NA,NA,NA,48,0.548303101110124,0.935254433597093,4.12,255.44,86.52,61.8,0.00412,0.25544,0.08652,0.0618,150,-3,0.6912,20.58874,45.1004,99.96052,18.39501,130.04169,0.969679993744,8.65392,0.0006912,0.01029437,0.0225502,0.09996052,0.01839501,0.065020845,0.000969679993744,0.00865392,0.260065994996872,20.4776374013285,17.4420174419614,0.118469801747526,0.126208395471274,0.579384906152398,0.571835671474332,0.221723640725826,6.85476225190696,0.701718529740661,0.5376,21.32227,29.9572,79.22056,8.56368,115.73148,0.755779995124,1.11452,0.0005376,0.010661135,0.0149786,0.07922056,0.00856368,0.05786574,0.000755779995124,0.00111452,0.212107019997562,16.7013401572883,15.6452008154572,0.143177091526811,0.15092125466207,0.60878705229616,0.602235111730584,0.278326962205184,5.10229137823309,0.513781582961343
49,"DL0 Mid",100,"8/27/2019",1.621652104,10.45,15.86,0.329804488,0.583074051,3511,475.4,829,20,844,0,3305,695,2347,434.4,357,20,79,11.8,2151,363,5121,1064,1424,229,2.3,1260,41.2,0,1,62,21,15,NA,NA,NA,NA,NA,49,0.534828141873843,0.945543261591953,4.12,255.44,86.52,61.8,0.00412,0.25544,0.08652,0.0618,150,-3,0.512,23.72246,68.2267,152.65828,19.57815,206.52945,0,13.83316,0.000512,0.01186123,0.03411335,0.15265828,0.01957815,0.103264725,0,0.01383316,0.391769405,30.8479846456693,22.514457128496,0.0769492280411334,0.0842734514746307,0.517198939491206,0.507345255256148,0.190847742429955,10.8021803455719,0.533087201878527,0.512,21.67656,29.3811,102.04756,10.22571,134.41599,0.841339994572,1.29481,0.000512,0.01083828,0.01469055,0.10204756,0.01022571,0.067207995,0.000841339994572,0.00129481,0.242934359997286,19.1286897635658,20.1970141321002,0.126438951052925,0.13419399158888,0.589339851551342,0.582135271019787,0.282398683148346,6.71503436295665,0.499188921693907
50,"DL2",15,"8/27/2019",1.523932286,3.08,1.825,0.440732465,0.720203488,228,191.1,76,27,431,0.7,258,55,335,398.7,118,23,112,0.6,623,58,5489,905,157,473,3.3,66.3,36.9,0,3,74,20,2,NA,NA,NA,NA,NA,50,0.671646432901865,1.09754134785301,11.07,273.06,73.8,7.38,0.01107,0.27306,0.0738,0.00738,20,0.25,0.6912,9.53589,6.2548,9.91344,1.54935,16.12242,0.049909999678,7.06409,0.0006912,0.004767945,0.0031274,0.00991344,0.00154935,0.00806121,4.9909999678e-05,0.00706409,0.041547104999839,3.2714255905385,3.528083266837,0.405650735260701,0.410350112025216,0.796303647930908,0.794511828695048,0.331795914488741,6.6414523256633,0.308015668739298,0.5888,19.89513,9.7114,14.5658,1.63386,38.93127,0.042779999724,1.83568,0.0005888,0.009947565,0.0048557,0.0145658,0.00163386,0.019465635,4.2779999724e-05,0.00183568,0.077871259999862,6.13159527557969,3.78578185709694,0.295878871141342,0.302124806058011,0.734555748549399,0.731516099643706,0.382819921212004,7.29701869624453,0.195833409784789
51,"DL2",100,"8/27/2019",1.454700279,1.706,7.77,0.325239878,0.637168142,1222,444.4,350,13,718,0.4,1434,238,219,162.2,58,12,145,5.9,277,25,5016,930,776,259,1.5,587.2,36.9,0,2,68,21,9,NA,NA,NA,NA,NA,51,0.473126541268526,0.926888673937312,7.38,250.92,77.49,33.21,0.00738,0.25092,0.07749,0.03321,90,8.99999999999999,0.3328,22.17556,28.805,53.13256,6.70446,89.61066,0.028519999816,11.76802,0.0003328,0.01108778,0.0144025,0.05313256,0.00670446,0.04480533,2.8519999816e-05,0.01176802,0.176574399999908,13.9034960629849,10.5238206547887,0.167547317306399,0.175188799337796,0.634215428062349,0.628474359784688,0.2649898939484,5.9070807509278,0.164990431947879,0.3072,8.09378,4.7734,9.52212,0.70425,17.30973,0.420669997286,2.37655,0.0003072,0.00404689,0.0023867,0.00952212,0.00070425,0.008654865,0.000420669997286,0.00237655,0.036842304998643,2.90096889753095,3.75410970667111,0.426744951603196,0.431149174840443,0.806655282367681,0.805040887793891,0.400076075883133,1.39650707306953,0.202336005085649
52,"DL2 Mid",15,"8/27/2019",1.523932286,1.562,1.667,0.469341925,0.697058824,170,202.5,69,21,468,0.1,209,40,120,213.3,60,18,140,0.5,265,28,5489,905,157,473,3.3,66.3,36.9,0,3,74,20,2,NA,NA,NA,NA,NA,52,0.715245312680891,1.06227044713479,11.07,273.06,73.8,7.38,0.01107,0.27306,0.0738,0.00738,20,0.25,0.5376,10.10475,5.6787,7.3916,1.1268,13.06041,0.007129999954,7.67052,0.0005376,0.005052375,0.00283935,0.0073916,0.0011268,0.006530205,7.129999954e-06,0.00767052,0.037210684999977,2.92997519684858,2.63119166794564,0.425002907278723,0.429431353224092,0.805815460972213,0.804187014369478,0.358662255452507,4.75589258779561,0.230135195365807,0.4608,10.64367,4.938,5.2176,0.78876,16.55985,0.03564999977,2.2946,0.0004608,0.005321835,0.002469,0.0052176,0.00078876,0.008279925,3.564999977e-05,0.0022946,0.036540224999885,2.87718307085709,1.86929901935773,0.428185820188821,0.43257003150657,0.807347925327101,0.805745074644454,0.394781106653394,3.26502413461686,0.191855278148774
53,"DL2 Mid",50,"8/27/2019",1.295532914,1.046,9.28,0.297776667,0.693674699,1839,553,492,13,720,0.4,1898,430,103,117.6,35,15,161,0.4,140,21,5358,1195,830,264,1.9,525.1,41,0,2,65,24,9,NA,NA,NA,NA,NA,53,0.385779473119718,0.898678404163543,8.2,266.5,98.4,36.9,0.0082,0.2665,0.0984,0.0369,90,9,0.3328,27.5947,40.4916,79.95972,12.1131,118.60602,0.028519999816,11.8008,0.0003328,0.01379735,0.0202458,0.07995972,0.0121131,0.05930301,2.8519999816e-05,0.0118008,0.238809789999908,18.8039204724337,13.704285430519,0.128487892826133,0.136244738574785,0.591821959304974,0.584702209602753,0.296005300539716,8.11716255442612,0.150200877394458,0.384,5.86824,2.8805,4.47844,0.59157,8.7486,0.028519999816,2.63879,0.000384,0.00293412,0.00144025,0.00447844,0.00059157,0.0043743,2.8519999816e-05,0.00263879,0.021557999999908,1.69748031495339,2.14125802140309,0.518373676326909,0.521560888759844,0.847526548728715,0.846522718003409,0.525396094684459,0.702895095677473,0.270889890407777
54,"DL2 Mid",100,"8/27/2019",1.454700279,4.8,7.08,0.330395051,0.68,1153,471.9,272,16,628,0,1148,479,647,458.9,218,9,87,3.2,984,46,5016,930,776,259,1.5,587.2,36.9,0,2,68,21,9,NA,NA,NA,NA,NA,54,0.480625772869919,0.98919618972,7.38,250.92,77.49,33.21,0.00738,0.25092,0.07749,0.03321,90,8.99999999999999,0.4096,23.54781,22.3856,50.13244,13.49343,71.73852,0,10.29292,0.0004096,0.011773905,0.0111928,0.05013244,0.01349343,0.03586926,0,0.01029292,0.154836125,12.1918208661417,10.4609107467149,0.186165334153953,0.193675883093604,0.651802129168479,0.646592857203025,0.310536682126212,5.27340771241699,0.192335786172791,0.2304,22.89911,17.9414,28.13156,1.29582,61.49016,0.228159998528,1.42593,0.0002304,0.011449555,0.0089707,0.02813156,0.00129582,0.03074508,0.000228159998528,0.00142593,0.117986604999264,9.29028385820976,6.22534229236245,0.227386046309385,0.234495141817369,0.686419228601017,0.682185324390359,0.343563089654411,2.85939037644006,0.104733967368642
55,"XHI",100,"8/27/2019",1.621652104,11.37,24.5,0.301472914,0.593667546,7034,544.6,1187,83,656,0,5536,1745,2536,405.5,379,24,87,15.6,2268,477,5121,1064,1424,229,2.3,1260,41.2,0,1,62,21,15,NA,NA,NA,NA,NA,55,0.488884185287111,0.962722225047417,4.12,255.44,86.52,61.8,0.00412,0.25544,0.08652,0.0618,150,-3,2.1248,27.17554,97.6901,305.83832,49.15665,345.94464,0,10.75184,0.0021248,0.01358777,0.04884505,0.30583832,0.04915665,0.17297232,0,0.01075184,0.654746085,51.5548098425197,38.7066355656481,0.0402854128571934,0.0464010396021838,0.435329418421938,0.422108703949884,0.166456773934533,23.5213553775684,2.37676395096507,0.6144,20.23445,31.1917,110.26528,13.43709,141.72732,1.112279992824,1.42593,0.0006144,0.010117225,0.01559585,0.11026528,0.01343709,0.07086366,0.001112279992824,0.00142593,0.256580959996412,20.2032251965679,21.7451183818817,0.120023971567332,0.127767002767128,0.581365478832024,0.573885374930147,0.264410335930028,7.60367864850876,0.627340539064251
