ID,Field,Depth,Date,BulkD,ECe,ECpw,SoilGWC,PasteGWC,ssatNa,ssatCa,ssatMg,ssatK,ssatAlk,ssatNO3,ssatS,ssatCl,PasteNa,PasteCa,PasteMg,PasteK,PasteAlk,PasteNO3,PasteS,PasteCl,SoilCa,SoilMg,SoilNa,SoilK,SoilNO3,SoilS,CEC,cecH,cecK,cecCa,cecMg,cecNa,Qs,Qr,alpha,n,m,soil_type,ssatVWC,PasteVWC,soilKmeqkg,soilCameqkg,soilMgmeqkg,soilNameqkg,soilKeqkg,soilCaeqkg,soilMgeqkg,soilNaeqkg,soilESP,soilESR,ssatKmeqL,ssatCameqL,ssatMgmeqL,ssatNameqL,ssatClmeqL,ssatSmeqL,ssatNO3meqL,ssatAlkmeqL,ssatKmolL,ssatCamolL,ssatMgmolL,ssatNamolL,ssatClmolL,ssatSmolL,ssatNO3molL,ssatAlkmolL,ssatIonicStrength,ssatPredictedEC,ssatSAR,ssatDBCa,ssatDBMg,ssatDBNa,ssatDBK,ssatGaponCaMg,ssatGaponCaNa,ssatGaponCaK,PasteKmeqL,PasteCameqL,PasteMgmeqL,PasteNameqL,PasteClmeqL,PasteSmeqL,PasteNO3meqL,PasteAlkmeqL,PasteKmolL,PasteCamolL,PasteMgmolL,PasteNamolL,PasteClmolL,PasteSmolL,PasteNO3molL,PasteAlkmolL,PasteIonicStrength,PastePredictedEC,PasteSAR,PasteDBCa,PasteDBMg,PasteDBNa,PasteDBK,PasteGaponCaMg,PasteGaponCaNa,PasteGaponCaK
1,DL0,15,8/24/2018,1.406282041,11.69,2.25,0.276013143,0.618101808,2073,577,797,62,565,25.7,2290,583,2443,581,493,66,149,242.8,1811,1088,5341,1189,822,429,54,414,41.3,0,3,64,24,9,NA,NA,NA,NA,NA,1,0.388152326,0.869225472,12.39,264.32,99.12,37.17,0.01239,0.26432,0.09912,0.03717,90,9,1.5872,28.7923,65.5931,90.13404,16.42311,47.7007,0.41377,9.26035,0.0015872,0.01439615,0.03279655,0.09013404,0.01642311,0.02385035,0.00041377,0.00926035,0.200995335,15.82640433,13.1205314,0.15012558,0.157849793,0.616353447,0.61004789,0.242295702,8.497782298,0.444328093,1.6896,28.9919,40.5739,106.22164,30.64896,37.72313,3.90908,2.44211,0.0016896,0.01449595,0.02028695,0.10622164,0.03064896,0.018861565,0.00390908,0.00244211,0.179744625,14.15312008,18.01067993,0.165097508,0.172753173,0.631791908,0.625975678,0.309887082,9.75508204,0.461218245
2,DL0,50,8/24/2018,1.585158997,8.58,21.58,0.261516065,0.583319543,5066,474,1351,75,1435,22.2,5074,1050,2297,400,441,152,171,18.8,2161,471,7473,1258,1635,351,14.3,1077,55.9,0,2,66,19,13,NA,NA,NA,NA,NA,2,0.414544543,0.924654222,11.18,368.94,106.21,72.67,0.01118,0.36894,0.10621,0.07267,130,-4.333333333,1.92,23.6526,111.1873,220.26968,29.5785,105.69142,0.35742,23.51965,0.00192,0.0118263,0.05559365,0.22026968,0.0295785,0.05284571,0.00035742,0.02351965,0.378353945,29.79164921,26.82628337,0.080048269,0.08742847,0.522623655,0.512980777,0.127048941,18.9952034,1.05636947,3.8912,19.96,36.2943,99.87356,13.26807,45.01363,0.30268,2.80269,0.0038912,0.00998,0.01814715,0.09987356,0.01326807,0.022506815,0.00030268,0.00280269,0.16133703,12.70370315,18.8316193,0.180238279,0.187794656,0.646354914,0.640983502,0.209147474,7.727399783,1.940687272
3,DL0,100,8/24/2018,1.432892749,13.35,9.46,0.292988134,0.539632546,2124,485,563,27,920,0.8,2006,638,2764,366,520,27,88,58.3,2404,553,6273,1045,1244,263,4,542,46.2,0,1,68,19,12,NA,NA,NA,NA,NA,3,0.419820573,0.773235562,4.62,314.16,87.78,55.44,0.00462,0.31416,0.08778,0.05544,120,-6,0.6912,24.2015,46.3349,92.35152,17.97246,41.78498,0.01288,15.0788,0.0006912,0.01210075,0.02316745,0.09235152,0.01797246,0.02089249,1.29E-05,0.0150788,0.17537481,13.80904016,15.55078798,0.168490458,0.176126276,0.635141251,0.629428776,0.197509184,7.361193513,0.655187249,0.6912,18.2634,42.796,120.17872,15.57801,50.07532,0.93863,1.44232,0.0006912,0.0091317,0.021398,0.12017872,0.01557801,0.02503766,0.00093863,0.00144232,0.18054916,14.21646929,21.7503528,0.16448545,0.172144536,0.631182144,0.625346932,0.178423082,11.09099178,0.75839263
4,DL1,15,8/25/2018,1.227874362,1.178,2.155,0.282944673,0.667059101,177,413,127,8,676,0.9,374,48,77,210,52,5,121,1,222,17,5212,725,147,225,25.6,67.5,33.3,0,2,78,18,2,NA,NA,NA,NA,NA,4,0.34742051,0.819064768,6.66,259.74,59.94,6.66,0.00666,0.25974,0.05994,0.00666,20,0.25,0.2048,20.6087,10.4521,7.69596,1.35216,7.79042,0.01449,11.07964,0.0002048,0.01030435,0.00522605,0.00769596,0.00135216,0.00389521,1.45E-05,0.01107964,0.049024745,3.860216142,1.952861669,0.376502439,0.381614532,0.781297707,0.779232416,0.321864344,3.764868055,0.099923439,0.128,10.479,4.2796,3.34796,0.47889,4.62426,0.0161,1.98319,0.000128,0.0052395,0.0021398,0.00334796,0.00047889,0.00231213,1.61E-05,0.00198319,0.02235993,1.760624409,1.232459558,0.512312756,0.515576292,0.845002461,0.843965094,0.359962574,2.129562226,0.081317975
5,DL1,50,8/24/2018,1.436232889,1.118,1.482,0.245019391,0.59755102,121,280,84,4,713,0.7,174,24,577.5,182,142.5,6.5,110.5,5.9,612,117.5,5397,682,97,185,8.5,38.8,33.6,0,1,80,17,1,NA,NA,NA,NA,NA,5,0.351904908,0.858222428,3.36,268.8,57.12,3.36,0.00336,0.2688,0.05712,0.00336,10,0.111111111,0.1024,13.972,6.9132,5.26108,0.67608,3.62442,0.01127,11.68607,0.0001024,0.006986,0.0034566,0.00526108,0.00067608,0.00181221,1.13E-05,0.01168607,0.03337807,2.628194488,1.628060668,0.443979532,0.448145861,0.814825345,0.813344494,0.300691009,6.157914531,0.11963788,0.1664,9.0818,11.72775,25.1097,3.309975,12.74796,0.09499,1.811095,0.0001664,0.0045409,0.005863875,0.0251097,0.003309975,0.00637398,9.50E-05,0.001811095,0.04880359,3.842802362,7.784400599,0.377298957,0.382399726,0.781719403,0.77966206,0.185746897,37.9374933,0.250747112
6,DL1,100,8/24/2018,1.604675356,1.504,2.97,0.22763695,0.648568608,228,555,225,3,612,5.3,665,34,132,222,67,29,161,18.1,249,34,5080,496,99,95,5.2,163,30.2,0,1,84,14,1,NA,NA,NA,NA,NA,6,0.365283404,1.040742062,3.02,253.68,42.28,3.02,0.00302,0.25368,0.04228,0.00302,10,0.111111111,0.0768,27.6945,18.5175,9.91344,0.95778,13.85195,0.08533,10.03068,7.68E-05,0.01384725,0.00925875,0.00991344,0.00095778,0.006925975,8.53E-05,0.01003068,0.070595965,5.558737402,2.062348228,0.312723676,0.318737682,0.745063477,0.742258928,0.20189149,9.428330449,0.072766886,0.7424,11.0778,5.5141,5.73936,0.95778,5.18667,0.29141,2.63879,0.0007424,0.0055389,0.00275705,0.00573936,0.00095778,0.002593335,0.00029141,0.00263879,0.02696344,2.123105512,1.992647156,0.480762225,0.484433549,0.831479676,0.830253279,0.235334854,7.768147449,1.00334645
7,DL2,15,8/25/2018,1.287251573,1.4,9.39,0.300791851,0.680109739,1943,496,624,11,992,22.9,1945,528,83.5,118.5,52.5,18.5,151.5,15.8,137,26.5,5086,663,97,410,8.2,45,32.4,0,3,78,17,1,NA,NA,NA,NA,NA,7,0.387194783,0.875472331,9.72,252.72,55.08,3.24,0.00972,0.25272,0.05508,0.00324,10,0.111111111,0.2816,24.7504,51.3552,84.48164,14.87376,40.51435,0.36869,16.25888,0.0002816,0.0123752,0.0256776,0.08448164,0.01487376,0.020257175,0.00036869,0.01625888,0.174752235,13.7600185,13.69522043,0.168983504,0.176616317,0.635623672,0.629926071,0.147999402,91.59225107,0.100854972,0.4736,5.91315,4.32075,3.63058,0.746505,2.85371,0.25438,2.483085,0.0004736,0.002956575,0.002160375,0.00363058,0.000746505,0.001426855,0.00025438,0.002483085,0.016881685,1.329266535,1.604982954,0.558031097,0.560736525,0.863505223,0.862700921,0.254351308,6.020214029,0.261530084
8,DL2,50,8/24/2018,1.412134189,2.69,3.81,0.248522167,0.605556771,635,340,210,13,713,4.5,633,194,190,574,153,4,73,3,717,16,5052,713,204,267,5.3,77.6,32.8,0,2,77,18,3,NA,NA,NA,NA,NA,8,0.350946649,0.85512742,6.56,252.56,59.04,9.84,0.00656,0.25256,0.05904,0.00984,30,0.428571429,0.3328,16.966,17.283,27.6098,5.46498,13.18539,0.07245,11.68607,0.0003328,0.008483,0.0086415,0.0276098,0.00546498,0.006592695,7.25E-05,0.01168607,0.07001744,5.513184252,6.671973471,0.314145159,0.320139395,0.745930202,0.743144631,0.229433892,10.2397889,0.184449496,0.1024,28.6426,12.5919,8.2612,0.45072,14.93511,0.0483,1.19647,0.0001024,0.0143213,0.00629595,0.0082612,0.00045072,0.007467555,4.83E-05,0.00119647,0.061199155,4.818831102,1.81939823,0.337546773,0.343212356,0.759784982,0.75729419,0.349645456,2.317101778,0.042940501
9,DL2,100,8/24/2018,1.604592543,4.32,4.66,0.254616938,0.524383408,817,341,282,12,674,7.3,838,242,651,443,289,7,71,3.6,1080,45,8658,1191,1025,217,8.3,495,58.2,0,1,74,17,8,NA,NA,NA,NA,NA,9,0.40855644,0.841421706,5.82,430.68,98.94,46.56,0.00582,0.43068,0.09894,0.04656,80,4,0.3072,17.0159,23.2086,35.52316,6.81714,17.45554,0.11753,11.04686,0.0003072,0.00850795,0.0116043,0.03552316,0.00681714,0.00872777,0.00011753,0.01104686,0.084585985,6.66031378,7.921022785,0.281837508,0.28827261,0.725441071,0.722190008,0.194499235,4.867921937,0.335268342,0.1792,22.1057,23.7847,28.30548,1.26765,22.4964,0.05796,1.16369,0.0001792,0.01105285,0.01189235,0.02830548,0.00126765,0.0112482,5.80E-05,0.00116369,0.08387379,6.604235433,5.909144364,0.283265243,0.289681317,0.726383517,0.723154635,0.219006447,3.398947486,0.171382754
10,DL3,50,8/24/2018,1.484016224,4.75,5.65,0.267790928,0.600108666,987,583,319,11,857,0.8,1211,157,618,422,197,7,109,5.5,895,88,5121,968,508,297,4.6,188,36.6,0,2,70,22,6,NA,NA,NA,NA,NA,10,0.397406082,0.890570997,7.32,256.2,80.52,21.96,0.00732,0.2562,0.08052,0.02196,60,1.5,0.2816,29.0917,26.2537,42.91476,4.42269,25.22513,0.01288,14.04623,0.0002816,0.01454585,0.01312685,0.04291476,0.00442269,0.012612565,1.29E-05,0.01404623,0.11140961,8.772410236,8.157947773,0.236494847,0.243500017,0.693411619,0.68936302,0.326043296,5.919216144,0.115842597,0.1792,21.0578,16.2131,26.87064,2.47896,18.64285,0.08855,1.78651,0.0001792,0.0105289,0.00810655,0.02687064,0.00247896,0.009321425,8.86E-05,0.00178651,0.07161568,5.639029921,6.224551555,0.310249152,0.316297509,0.743547458,0.740709562,0.354736212,4.078370637,0.081284399
11,DL3,100,8/24/2018,1.492794445,5.94,7.98,0.251661803,0.522897258,1684,587,354,25,1062,0.8,1414,655,868,471,244,10,97,2.1,1088,255,6131,910,606,241,1.8,285,41.5,0,1,74,18,6,NA,NA,NA,NA,NA,11,0.375679342,0.780578122,4.15,307.1,74.7,24.9,0.00415,0.3071,0.0747,0.0249,60,1.5,0.64,29.2913,29.1342,73.22032,18.45135,29.45362,0.01288,17.40618,0.00064,0.01464565,0.0145671,0.07322032,0.01845135,0.01472681,1.29E-05,0.01740618,0.142744485,11.23972323,13.54707083,0.19813522,0.205542922,0.662411727,0.65751155,0.239462845,11.10465161,0.57806931,0.256,23.5029,20.0812,37.74064,7.18335,22.66304,0.03381,1.58983,0.000256,0.01175145,0.0100406,0.03774064,0.00718335,0.01133152,3.38E-05,0.00158983,0.089648955,7.058972835,8.084631273,0.272072988,0.278636782,0.71889571,0.715488559,0.260034021,5.917893982,0.239709881
12,HIGH1,15,11/4/2018,1.406282041,5.08,6.83,0.234839324,0.656374767,1137,355,322,25,496,28.8,1111,324,635,466,279,22,114,10.1,1011,60,5341,1189,822,429,54,414,41.3,0,3,64,24,9,NA,NA,NA,NA,NA,12,0.330250324,0.923048047,12.39,264.32,99.12,37.17,0.01239,0.26432,0.09912,0.03717,90,9,0.64,17.7145,26.5006,49.43676,9.12708,23.14213,0.46368,8.12944,0.00064,0.00885725,0.0132503,0.04943676,0.00912708,0.011571065,0.00046368,0.00812944,0.10125571,7.972890551,10.51428372,0.25194551,0.258765143,0.704815571,0.70106062,0.302529889,5.245177523,0.202624288,0.5632,23.2534,22.9617,27.6098,1.6902,21.05913,0.16261,1.86846,0.0005632,0.0116267,0.01148085,0.0276098,0.0016902,0.010529565,0.00016261,0.00186846,0.083221365,6.552863386,5.743628079,0.284585455,0.290983891,0.727251759,0.724043246,0.373202339,2.482280881,0.151234644
13,HIGH1,50,11/4/2018,1.585158997,8.38,13.1,0.239252074,0.547329193,2319,506,605,21,591,89.7,2042,1033,1351,442,424,13,91,25.9,1619,279,7473,1258,1635,351,14.3,1077,55.9,0,2,66,19,13,NA,NA,NA,NA,NA,13,0.379252578,0.867603795,11.18,368.94,106.21,72.67,0.01118,0.36894,0.10621,0.07267,130,-4.333333333,0.5376,25.2494,49.7915,100.83012,29.09961,42.53486,1.44417,9.68649,0.0005376,0.0126247,0.02489575,0.10083012,0.02909961,0.02126743,0.00144417,0.00968649,0.188374755,14.83265787,16.46100189,0.158726688,0.166415485,0.625358597,0.619340663,0.20020997,7.151291507,0.245452401,0.3328,22.0558,34.8952,58.74148,7.85943,33.72377,0.41699,1.49149,0.0003328,0.0110279,0.0174476,0.05874148,0.00785943,0.016861885,0.00041699,0.00149149,0.125095865,9.85006811,11.00801988,0.218231767,0.225440549,0.679172968,0.674742846,0.225180716,4.128767865,0.151053277
14,HIGH1,100,11/4/2018,1.432892749,6.79,14.5,0.313591302,0.563869992,2862,457,682,20,717,22.1,2647,828,1314,181,232,7,91,20.3,1125,343,6273,1045,1244,263,4,542,46.2,0,1,68,19,12,NA,NA,NA,NA,NA,14,0.449342703,0.807965223,4.62,314.16,87.78,55.44,0.00462,0.31416,0.08778,0.05544,120,-6,0.512,22.8043,56.1286,124.43976,23.32476,55.13701,0.35581,11.75163,0.000512,0.01140215,0.0280643,0.12443976,0.02332476,0.027568505,0.00035581,0.01175163,0.21426189,16.87101496,19.80820551,0.141891235,0.149638171,0.607356338,0.600757329,0.173427333,10.64778418,0.520004129,0.1792,9.0319,19.0936,57.13272,9.66231,23.43375,0.32683,1.49149,0.0001792,0.00451595,0.0095468,0.05713272,0.00966231,0.011716875,0.00032683,0.00149149,0.085955525,6.768151575,15.23525658,0.279130579,0.285601614,0.723644161,0.720350601,0.189982552,6.598714815,0.247236491
15,HIGH2,15,11/4/2018,1.406282041,8.23,13.54,0.269662617,0.67883549,2747,378,616,33,426,26.4,2472,593,1427,458,435,31,124,5.2,1748,103,5341,1189,822,429,54,414,41.3,0,3,64,24,9,NA,NA,NA,NA,NA,15,0.379221695,0.954634158,12.39,264.32,99.12,37.17,0.01239,0.26432,0.09912,0.03717,90,9,0.8448,18.8622,50.6968,119.43956,16.70481,51.49176,0.42504,6.98214,0.0008448,0.0094311,0.0253484,0.11943956,0.01670481,0.02574588,0.00042504,0.00698214,0.193248935,15.21645157,20.25286779,0.155309213,0.163013422,0.621826173,0.615696145,0.223266772,13.79986611,0.289934085,0.7936,22.8542,35.8005,62.04596,2.90151,36.41084,0.08372,2.03236,0.0007936,0.0114271,0.01790025,0.06204596,0.00290151,0.01820542,8.37E-05,0.00203236,0.128994115,10.15701693,11.45716315,0.213488875,0.220747224,0.675326969,0.67079098,0.29465223,6.032668043,0.229928049
16,HIGH2,50,11/4/2018,1.585158997,10.55,16.18,0.229227094,0.561213434,3125,391,628,37,518,45.1,2839,938,2109,382,458,31,99,9.9,2130,230,7473,1258,1635,351,14.3,1077,55.9,0,2,66,19,13,NA,NA,NA,NA,NA,16,0.36336139,0.889612524,11.18,368.94,106.21,72.67,0.01118,0.36894,0.10621,0.07267,130,-4.333333333,0.9472,19.5109,51.6844,135.875,26.42346,59.13637,0.72611,8.49002,0.0009472,0.00975545,0.0258422,0.135875,0.02642346,0.029568185,0.00072611,0.00849002,0.216562565,17.05217047,22.7734534,0.140539309,0.148288837,0.605841429,0.599192418,0.172192113,11.2869486,0.505823937,0.7936,19.0618,37.6934,91.69932,6.4791,44.3679,0.15939,1.62261,0.0007936,0.0095309,0.0188467,0.09169932,0.0064791,0.02218395,0.00015939,0.00162261,0.15150011,11.92914252,17.21386068,0.189339393,0.196823958,0.65466503,0.64954004,0.200789257,7.174611589,0.40043689
17,HIGH2,100,11/4/2018,1.432892749,9.26,12.14,0.25484198,0.606960082,2168,507,578,15,677,3.8,2179,643,1723,382,377,18,85,9,1801,294,6273,1045,1244,263,4,542,46.2,0,1,68,19,12,NA,NA,NA,NA,NA,17,0.365161225,0.8697087,4.62,314.16,87.78,55.44,0.00462,0.31416,0.08778,0.05544,120,-6,0.384,25.2993,47.5694,94.26464,18.11331,45.38857,0.06118,11.09603,0.000384,0.01264965,0.0237847,0.09426464,0.01811331,0.022694285,6.12E-05,0.01109603,0.18021685,14.19030315,15.61684502,0.164737792,0.172395473,0.631433749,0.625606372,0.199190579,7.388706167,0.35785363,0.4608,19.0618,31.0271,74.91604,8.28198,37.51483,0.1449,1.39315,0.0004608,0.0095309,0.01551355,0.07491604,0.00828198,0.018757415,0.0001449,0.00139315,0.130202165,10.25213898,14.96990566,0.212056321,0.219329343,0.674152496,0.669583941,0.215344256,6.366020884,0.466695749
18,LOW1,15,11/4/2018,1.227874362,2.046,4.86,0.248448721,0.633395275,827,533,319,21,472,32,949,479,233,208,67,7,122,4,320,89,5212,725,147,225,25.6,67.5,33.3,0,2,78,18,2,NA,NA,NA,NA,NA,18,0.305063815,0.777729819,6.66,259.74,59.94,6.66,0.00666,0.25974,0.05994,0.00666,20,0.25,0.5376,26.5967,26.2537,35.95796,13.49343,19.76767,0.5152,7.73608,0.0005376,0.01329835,0.01312685,0.03595796,0.01349343,0.009883835,0.0005152,0.00773608,0.101738205,8.010882283,6.994970761,0.251169286,0.257998488,0.704255588,0.700486466,0.229177093,17.08865212,0.254121536,0.1792,10.3792,5.5141,10.13084,2.50713,6.6656,0.0644,1.99958,0.0001792,0.0051896,0.00275705,0.01013084,0.00250713,0.0033328,6.44E-05,0.00199958,0.029999475,2.362163386,3.59379594,0.462464884,0.466380066,0.823322195,0.821974146,0.315276728,6.64008385,0.11726123
19,LOW1,50,11/4/2018,1.436232889,5.62,10.17,0.234165561,0.549823855,1758,519,413,7,488,5.4,1485,1090,823,379,236,5,118,4.7,993,268,5397,682,97,185,8.5,38.8,33.6,0,1,80,17,1,NA,NA,NA,NA,NA,19,0.33631628,0.789675104,3.36,268.8,57.12,3.36,0.00336,0.2688,0.05712,0.00336,10,0.111111111,0.1792,25.8981,33.9899,76.43784,30.7053,30.93255,0.08694,7.99832,0.0001792,0.01294905,0.01699495,0.07643784,0.0307053,0.015466275,8.69E-05,0.00799832,0.14852435,11.69483071,13.96861987,0.192251019,0.199710909,0.657259212,0.652210035,0.181991613,80.55301424,0.187396808,0.128,18.9121,19.4228,35.78404,7.54956,20.68419,0.07567,1.93402,0.000128,0.00945605,0.0097114,0.03578404,0.00754956,0.010342095,7.57E-05,0.00193402,0.081754735,6.437380709,8.173483705,0.287597112,0.293955154,0.729220915,0.726058367,0.207407575,40.03052945,0.142568753
20,LOW1,100,11/4/2018,1.604675356,7.03,21.81,0.26084007,0.548061056,4209,499,1057,45,881,0.8,3832,1805,1129,421,249,14,97,2.1,1222,397,5080,496,99,95,5.2,163,30.2,0,1,84,14,1,NA,NA,NA,NA,NA,20,0.418563632,0.87946007,3.02,253.68,42.28,3.02,0.00302,0.25368,0.04228,0.00302,10,0.111111111,1.152,24.9001,86.9911,183.00732,50.84685,79.82056,0.01288,14.43959,0.001152,0.01245005,0.04349555,0.18300732,0.05084685,0.03991028,1.29E-05,0.01443959,0.31644108,24.91662047,24.4672688,0.097205375,0.10481285,0.55007113,0.541467063,0.085871641,243.0725461,1.506166973,0.3584,21.0079,20.4927,49.08892,11.18349,25.45426,0.03381,1.58983,0.0003584,0.01050395,0.01024635,0.04908892,0.01118349,0.01272713,3.38E-05,0.00158983,0.098082085,7.722998819,10.77634005,0.25716476,0.263919434,0.708546986,0.7048858,0.166575268,56.2146315,0.408304342
21,LOW2,15,11/4/2018,1.227874362,1.765,3.55,0.25152032,0.635950215,369,515,186,15,407,8,599,255,158,222,68,7,143,2.7,281,54,5212,725,147,225,25.6,67.5,33.3,0,2,78,18,2,NA,NA,NA,NA,NA,21,0.308835352,0.780866965,6.66,259.74,59.94,6.66,0.00666,0.25974,0.05994,0.00666,20,0.25,0.384,25.6985,15.3078,16.04412,7.18335,12.47717,0.1288,6.67073,0.000384,0.01284925,0.0076539,0.01604412,0.00718335,0.006238585,0.0001288,0.00667073,0.06868897,5.408580315,3.543281095,0.317458764,0.323406811,0.747939022,0.745197194,0.296240532,7.327640432,0.174736846,0.1792,11.0778,5.5964,6.86984,1.52118,5.85323,0.04347,2.34377,0.0001792,0.0055389,0.0027982,0.00686984,0.00152118,0.002926615,4.35E-05,0.00234377,0.02800616,2.205209449,2.379244735,0.474279025,0.478036177,0.828616978,0.827348542,0.323397654,4.331480221,0.112813844
22,LOW2,50,11/4/2018,1.436232889,4.6,5.14,0.248433712,0.549332184,658,502,257,11,402,5,915,227,474,452,265,4,93,2.5,950,61,5397,682,97,185,8.5,38.8,33.6,0,1,80,17,1,NA,NA,NA,NA,NA,22,0.356808668,0.78896895,3.36,268.8,57.12,3.36,0.00336,0.2688,0.05712,0.00336,10,0.111111111,0.2816,25.0498,21.1511,28.60984,6.39459,19.05945,0.0805,6.58878,0.0002816,0.0125249,0.01057555,0.02860984,0.00639459,0.009529725,8.05E-05,0.00658878,0.086238005,6.790394094,5.952579563,0.278578455,0.285056797,0.723276016,0.719973716,0.228613909,28.02519117,0.274585995,0.1024,22.5548,21.8095,20.60952,1.71837,19.7885,0.04025,1.52427,0.0001024,0.0112774,0.01090475,0.02060952,0.00171837,0.00989425,4.03E-05,0.00152427,0.076150205,5.996079134,4.375886594,0.299699938,0.305893685,0.736978705,0.733994088,0.213901407,20.90089984,0.103427181
23,LOW2,100,11/4/2018,1.604675356,6.19,9.3,0.254037512,0.481064316,1550,444,537,9,632,9,1710,415,900,422,322,5,83,2.9,1212,139,5080,496,99,95,5.2,163,30.2,0,1,84,14,1,NA,NA,NA,NA,NA,23,0.407647735,0.771952053,3.02,253.68,42.28,3.02,0.00302,0.25368,0.04228,0.00302,10,0.111111111,0.2304,22.1556,44.1951,67.394,11.69055,35.6193,0.1449,10.35848,0.0002304,0.0110778,0.02209755,0.067394,0.01169055,0.01780965,0.0001449,0.01035848,0.146879165,11.56528858,11.70074398,0.193894468,0.201340089,0.658710275,0.653703273,0.115803325,80.46101155,0.272981333,0.128,21.0578,26.5006,39.132,3.91563,25.24596,0.04669,1.36037,0.000128,0.0105289,0.0132503,0.039132,0.00391563,0.01262298,4.67E-05,0.00136037,0.095095705,7.487850787,8.024785359,0.262264224,0.268954449,0.712137267,0.708565216,0.146709269,44.54654421,0.144979988
24,X-HI,15,8/24/2018,1.406282041,13.2,11.52,0.288858062,0.68240988,2707,557,714,66,845,0.8,2617,705,116,146,44,2,71,4.5,205,22,5341,1189,822,429,54,414,41.3,0,3,64,24,9,NA,NA,NA,NA,NA,24,0.406215905,0.959660759,12.39,264.32,99.12,37.17,0.01239,0.26432,0.09912,0.03717,90,9,1.6896,27.7943,58.7622,117.70036,19.85985,54.51211,0.01288,13.84955,0.0016896,0.01389715,0.0293811,0.11770036,0.01985985,0.027256055,1.29E-05,0.01384955,0.21762473,17.13580551,17.89134315,0.139922318,0.147672916,0.605146367,0.598474357,0.251045929,11.4860134,0.489194763,0.0512,7.2854,3.6212,5.04368,0.61974,4.27015,0.07245,1.16369,5.12E-05,0.0036427,0.0018106,0.00504368,0.00061974,0.002135075,7.25E-05,0.00116369,0.01865213,1.468671654,2.159821349,0.542058508,0.54495419,0.85717795,0.856297277,0.530487063,0.691864734,0.021048369
25,X-HI,15,8/24/2018,1.406282041,11.66,14.78,0.288858062,0.68240988,3401,560,1021,70,1184,0.8,3545,858,2318,416,530,30,302,1,2308,439,5341,1189,822,429,54,414,41.3,0,3,64,24,9,NA,NA,NA,NA,NA,25,0.406215905,0.959660759,12.39,264.32,99.12,37.17,0.01239,0.26432,0.09912,0.03717,90,9,1.792,27.944,84.0283,147.87548,24.16986,73.84235,0.01288,19.40576,0.001792,0.013972,0.04201415,0.14787548,0.02416986,0.036921175,1.29E-05,0.01940576,0.28244264,22.23957795,19.76313629,0.109217378,0.116916026,0.567166655,0.559184886,0.209012191,15.26754327,0.547238932,0.768,20.7584,43.619,100.78664,12.36663,48.07564,0.0161,4.94978,0.000768,0.0103792,0.0218095,0.10078664,0.01236663,0.02403782,1.61E-05,0.00494978,0.171896615,13.53516654,17.76442883,0.171276821,0.178895261,0.637853576,0.632224491,0.253128026,10.84251893,0.245674464
26,X-HI,50,8/24/2018,1.585158997,13.2,27.6,0.250482759,0.567557252,7996,494,1599,76,1394,39.5,7024,1678,3559,389,574,37,115,8.5,3168,693,7473,1258,1635,351,14.3,1077,55.9,0,2,66,19,13,NA,NA,NA,NA,NA,26,0.397054999,0.899668484,11.18,368.94,106.21,72.67,0.01118,0.36894,0.10621,0.07267,130,-4.333333333,1.9456,24.6506,131.5977,347.66608,47.26926,146.30992,0.63595,22.84766,0.0019456,0.0123253,0.06579885,0.34766608,0.04726926,0.07315496,0.00063595,0.02284766,0.512740495,40.37326732,39.33414082,0.055681924,0.06245503,0.474659644,0.463095997,0.117644782,31.98080174,1.134965494,0.9472,19.4111,47.2402,154.74532,19.52181,65.98944,0.13685,1.88485,0.0009472,0.00970555,0.0236201,0.15474532,0.01952181,0.03299472,0.00013685,0.00188485,0.221258755,17.42194921,26.80576519,0.137844786,0.145598463,0.602788673,0.596038383,0.179554235,12.94726216,0.509359734
27,X-HI,100,8/24/2018,1.432892749,21.8,16.56,0.260105786,0.544149809,4460,513,852,31,1508,0.9,4049,930,5393,517,852,46,155,4.1,4928,1125,6273,1045,1244,263,4,542,46.2,0,1,68,19,12,NA,NA,NA,NA,NA,27,0.372703695,0.779708316,4.62,314.16,87.78,55.44,0.00462,0.31416,0.08778,0.05544,120,-6,0.7936,25.5987,70.1196,193.9208,26.1981,84.34067,0.01449,24.71612,0.0007936,0.01279935,0.0350598,0.1939208,0.0261981,0.042170335,1.45E-05,0.02471612,0.302880525,23.84886024,28.03121378,0.101733395,0.109380966,0.556694451,0.548333805,0.162815152,16.95286983,0.820030239,1.1776,25.7983,70.1196,234.48764,31.69125,102.65024,0.06601,2.54045,0.0011776,0.01289915,0.0350598,0.23448764,0.03169125,0.05132512,6.60E-05,0.00254045,0.333549615,26.26374921,33.85985723,0.091929779,0.099480849,0.542052086,0.533149456,0.162921681,20.91606526,1.23978685
28,DL1,30,7/16/2017,0.997073401,1.51,2.13,0.31546996,0.741752157,112,340,85,10,1204,0.3,263,133,111,192,44,7,663,2.7,193,58,6282,803,136,286,8,113,39.4,0,2,80,17,1,0.57,0.14558,0.67148,1.1941,0.1625492,28,0.314546706,0.739581346,7.88,315.2,66.98,3.94,0.00788,0.3152,0.06698,0.00394,10,0.111111111,0.256,16.966,6.9955,4.86976,3.74661,5.47829,0.00483,19.73356,0.000256,0.008483,0.00349775,0.00486976,0.00374661,0.002739145,4.83E-06,0.01973356,0.04374517,3.444501575,1.406907533,0.3965768,0.401404193,0.791723443,0.789850193,0.328936438,5.317808139,0.139446077,0.1792,9.5808,3.6212,4.82628,1.63386,4.02019,0.04347,10.86657,0.0001792,0.0047904,0.0018106,0.00482628,0.00163386,0.002010095,4.35E-05,0.01086657,0.02599688,2.046998425,1.878484638,0.486973486,0.490563204,0.834194634,0.833007453,0.344380648,6.668548986,0.123625578
29,DL1,120,7/16/2017,1.482359956,4.51,6.35,0.266608645,0.317235356,862,542,385,2,2959,0.4,1252,196,578,449,217,5,2027,0.6,944,87,6908,817,284,187,7.7,186,43.1,0,1,80,16,3,0.53,0.00020578,0.051277,1.157,0.135695765,29,0.395209979,0.470256988,4.31,344.8,68.96,12.93,0.00431,0.3448,0.06896,0.01293,30,0.428571429,0.0512,27.0458,31.6855,37.47976,5.52132,26.07916,0.00644,48.49801,5.12E-05,0.0135229,0.01584275,0.03747976,0.00552132,0.01303958,6.44E-06,0.04849801,0.130588825,10.28258465,6.916350471,0.211601421,0.218879072,0.673778282,0.669199328,0.181679865,12.58891594,0.051241429,0.128,22.4051,17.8591,25.13144,2.45079,19.66352,0.00966,33.22253,0.000128,0.01120255,0.00892955,0.02513144,0.00245079,0.00983176,9.66E-06,0.03322253,0.09039893,7.118025984,5.601093653,0.270681337,0.277263252,0.717948295,0.714518255,0.221338343,8.737590211,0.132869617
30,DL2,30,7/16/2017,1.156075139,0.93,1.96,0.279937571,0.676424656,104,281,75,6,1015,14.5,209,57,85,132,34,5,472,0.3,97,46,6130,687,130,222,8.8,35.9,37.5,0,2,81,15,2,0.57,0.00034237,0.13918,1.1782,0.151247666,30,0.323628866,0.781997728,7.5,303.75,56.25,7.5,0.0075,0.30375,0.05625,0.0075,20,0.25,0.1536,14.0219,6.1725,4.52192,1.60569,4.35347,0.23345,16.63585,0.0001536,0.00701095,0.00308625,0.00452192,0.00160569,0.002176735,0.00023345,0.01663585,0.036123125,2.844340551,1.423057326,0.430193924,0.434550281,0.808310269,0.806723389,0.277709823,2.695475713,0.091379824,0.128,6.5868,2.7982,3.6958,1.29582,2.02051,0.00483,7.73608,0.000128,0.0032934,0.0013991,0.0036958,0.00129582,0.001010255,4.83E-06,0.00773608,0.017835775,1.404391732,1.706107219,0.549262211,0.552071435,0.860049069,0.85920348,0.283397702,3.026736497,0.10472465
31,DL2,120,7/16/2017,1.454203398,1.68,3.73,0.183265857,0.629106201,276,482,175,2,1934,1.1,569,123,117,190,49,4,679,0.1,241,41,6326,726,138,232,9.9,80,38.9,0,2,80,16,2,0.58,9.56E-05,0.27901,1.172,0.146757679,31,0.266505832,0.914848375,7.78,311.2,62.24,7.78,0.00778,0.3112,0.06224,0.00778,20,0.25,0.0512,24.0518,14.4025,12.00048,3.46491,11.85227,0.01771,31.69826,5.12E-05,0.0120259,0.00720125,0.01200048,0.00346491,0.005926135,1.77E-05,0.03169826,0.07392285,5.82069685,2.736788021,0.304791545,0.310915344,0.740170849,0.737257985,0.255897018,5.868543581,0.024939583,0.1024,9.481,4.0327,5.08716,1.15497,5.02003,0.00161,11.12881,0.0001024,0.0047405,0.00201635,0.00508716,0.00115497,0.002510015,1.61E-06,0.01112881,0.027271205,2.147338976,1.957056024,0.478825808,0.482522699,0.830627759,0.829388925,0.305484382,3.547651727,0.071304564
32,DL3,30,7/16/2017,1.269198251,2.23,3.88,0.285728118,0.768096055,273,617,187,10,2322,18.2,696,195,172,326,82,10,1157,0.3,391,67,6858,1064,496,284,6.6,206,46,0,2,74,19,5,0.51,0.0030409,0.053528,1.1334,0.117698959,32,0.362645628,0.97486617,9.2,340.4,87.4,23,0.0092,0.3404,0.0874,0.023,50,1,0.256,30.7883,15.3901,11.87004,5.49315,14.49768,0.29302,38.05758,0.000256,0.01539415,0.00769505,0.01187004,0.00549315,0.00724884,0.00029302,0.03805758,0.088660975,6.981179134,2.470288859,0.273927217,0.280466777,0.720152301,0.716775392,0.358897883,1.94824155,0.104551273,0.256,16.2674,6.7486,7.47856,1.88739,8.14453,0.00483,18.96323,0.000256,0.0081337,0.0033743,0.00747856,0.00188739,0.004072265,4.83E-06,0.01896323,0.045455535,3.579175984,2.204540368,0.389820993,0.39474401,0.788260886,0.786324885,0.396140229,1.549433666,0.132271727
33,DL3,60,7/16/2017,1.570473419,5.67,8.56,0.22840773,0.62922872,1343,544,545,11,3631,14.9,1693,412,742,535,298,13,2579,0.7,1203,189,8141,1173,811,247,11.3,265,54.6,0,1,74,18,6,0.52,0.00071083,0.092173,1.1712,0.146174863,33,0.358708269,0.988186979,5.46,404.04,98.28,32.76,0.00546,0.40404,0.09828,0.03276,60,1.5,0.2816,27.1456,44.8535,58.39364,11.60604,35.26519,0.23989,59.51209,0.0002816,0.0135728,0.02242675,0.05839364,0.01160604,0.017632595,0.00023989,0.05951209,0.17228092,13.56542677,9.732334161,0.170965109,0.17858554,0.637551825,0.63191349,0.185149668,9.53175875,0.273359095,0.3328,26.6965,24.5254,32.26216,5.32413,25.05849,0.01127,42.26981,0.0003328,0.01334825,0.0122627,0.03226216,0.00532413,0.012529245,1.13E-05,0.04226981,0.116380475,9.163816929,6.375005981,0.229550886,0.236635688,0.68810019,0.683911196,0.249953524,4.94622576,0.304272777
34,DL3,120,7/16/2017,1.440953253,5.5,10.04,0.290138549,0.630835919,1783,489,556,22,3539,0,1955,407,739,501,278,10,2411,7.7,1158,111,7059,1199,1244,255,0.4,515,51.3,0,1,69,19,11,0.458083447,0.00011328,0.013409,1.1379,0.121188154,34,0.418076086,0.90900507,5.13,353.97,97.47,56.43,0.00513,0.35397,0.09747,0.05643,110,-11,0.5632,24.4011,45.7588,77.52484,11.46519,40.72265,0,58.00421,0.0005632,0.01220055,0.0228794,0.07752484,0.01146519,0.020361325,0,0.05800421,0.18466127,14.54025748,13.08914852,0.161416228,0.169091717,0.628098084,0.622166428,0.196464609,6.882741389,0.544822467,0.256,24.9999,22.8794,32.13172,3.12687,24.12114,0.12397,39.51629,0.000256,0.01249995,0.0114397,0.03213172,0.00312687,0.01206057,0.00012397,0.03951629,0.109577865,8.628178346,6.567121865,0.239151292,0.246125346,0.695412042,0.691415723,0.283732788,2.563551716,0.223376666
35,DL0,15,7/23/2019,1.534863655,6.56,7.52,0.348794517,0.703296703,1235,414,335,50,3.6,1371,421,179,956,474.8,266,44,121,19.8,1229,173,6574,1328,1317,523,12.2,2587,51,0,3,64,22,11,NA,NA,NA,NA,NA,35,0.535352027,1.079464548,15.3,326.4,112.2,56.1,0.0153,0.3264,0.1122,0.0561,110,-11,1.28,20.6586,27.5705,53.6978,5.04243,8.76943,22.0731,0.059004,0.00128,0.0103293,0.01378525,0.0536978,0.00504243,0.004384715,0.0220731,5.90E-05,0.098074697,7.722417087,10.93495278,0.257177145,0.263931664,0.708555772,0.704894806,0.29372524,4.295029894,0.373457657,1.1264,23.69252,21.8918,41.56688,4.87341,25.60007,0.31878,1.98319,0.0011264,0.01184626,0.0109459,0.04156688,0.00487341,0.012800035,0.00031878,0.00198319,0.09611872,7.56840315,8.706722146,0.260496102,0.267208778,0.710898512,0.707295827,0.353087914,3.094931757,0.305957577
36,DL0,100,7/23/2019,1.621652104,10.09,13.89,0.272738109,0.621456764,2728,427.9,655,25,3.1,2591,606,793,2165,410.1,410,22,83,16.8,2100,317,5121,1064,1424,229,2.3,1260,41.2,0,1,62,21,15,NA,NA,NA,NA,NA,36,0.442286328,1.007786669,4.12,255.44,86.52,61.8,0.00412,0.25544,0.08652,0.0618,150,-3,0.64,21.35221,53.9065,118.61344,22.33881,12.62298,41.7151,0.050809,0.00064,0.010676105,0.02695325,0.11861344,0.02233881,0.00631149,0.0417151,5.08E-05,0.17956077,14.13864327,19.33617261,0.16523792,0.172892792,0.631931551,0.626119664,0.208398634,7.376376804,0.591517679,0.5632,20.46399,33.743,94.1342,8.92989,43.743,0.27048,1.36037,0.0005632,0.010231995,0.0168715,0.0941342,0.00892989,0.0218715,0.00027048,0.00136037,0.15057906,11.8566189,18.08151382,0.19023234,0.197709422,0.655463838,0.650362249,0.258737519,5.780617968,0.514739297
37,DL0 Mid,50,7/23/2019,1.614695778,10.34,30.9,0.314585458,0.730354391,8979,633.1,1912,115,1408,44.1,7866,1988,2260,428.7,415,45,106,28.1,2101,318,7046,1315,2111,394,4.4,1870,56.4,0,2,62,19,16,NA,NA,NA,NA,NA,37,0.507959811,1.179300152,11.28,349.68,107.16,90.24,0.01128,0.34968,0.10716,0.09024,160,-2.666666667,2.944,31.59169,157.3576,390.40692,56.00196,163.84878,0.71001,23.07712,0.002944,0.015795845,0.0786788,0.39040692,0.05600196,0.08192439,0.00071001,0.02307712,0.589368075,46.40693504,40.16611919,0.046471654,0.052885819,0.452304274,0.439806353,0.128714931,25.25540926,1.481479013,1.152,21.39213,34.1545,98.2648,8.95806,43.76383,0.45241,1.73734,0.001152,0.010696065,0.01707725,0.0982648,0.00895806,0.021881915,0.00045241,0.00173734,0.154592765,12.17265866,18.6459328,0.186393748,0.19390246,0.652009389,0.646806241,0.237787473,5.560269522,0.517321689
38,DL0 Mid,100,7/23/2019,1.621652104,12.81,13.96,0.264874953,0.643383436,4510,606.4,1123,43,7,10,4307,963,2829,401.4,441,32,90,10.9,2622,433,5121,1064,1424,229,2.3,1260,41.2,0,1,62,21,15,NA,NA,NA,NA,NA,38,0.429535025,1.043344103,4.12,255.44,86.52,61.8,0.00412,0.25544,0.08652,0.0618,150,-3,1.1008,30.25936,92.4229,196.0948,27.12771,89.71481,0.161,0.11473,0.0011008,0.01512968,0.04621145,0.1960948,0.02712771,0.044857405,0.000161,0.00011473,0.32469659,25.56666063,25.03745555,0.094602059,0.102183061,0.546156447,0.537407151,0.186478394,11.7008768,0.969478954,0.8192,20.02986,36.2943,123.00492,12.19761,54.61626,0.17549,1.4751,0.0008192,0.01001493,0.01814715,0.12300492,0.01219761,0.02730813,0.00017549,0.0014751,0.17977658,14.15563622,23.17875574,0.165073124,0.172728926,0.631767649,0.625950664,0.245981813,7.899837389,0.781915087
39,DL2,15,7/23/2019,1.523932286,1.242,2.2,0.328947368,0.708788983,167,239.9,79,45,0,194,848,64,101,150,43,22,136,1.7,187,22,5489,905,157,473,3.3,66.3,36.9,0,3,74,20,2,NA,NA,NA,NA,NA,39,0.501293514,1.080146415,11.07,273.06,73.8,7.38,0.01107,0.27306,0.0738,0.00738,20,0.25,1.152,11.97101,6.5017,7.26116,1.80288,17.66384,3.1234,0,0.001152,0.005985505,0.00325085,0.00726116,0.00180288,0.00883192,0.0031234,0,0.04280627,3.370572441,2.389217561,0.400396865,0.4051703,0.793661371,0.791822794,0.364566486,4.35559249,0.459616076,0.5632,7.485,3.5389,4.39148,0.61974,3.89521,0.02737,2.22904,0.0005632,0.0037425,0.00176945,0.00439148,0.00061974,0.001947605,2.74E-05,0.00222904,0.018834525,1.483033465,1.87050242,0.540484563,0.543399275,0.856546737,0.855658255,0.392005493,3.094504701,0.264302277
40,DL2 Mid,15,7/23/2019,1.523932286,1.884,2.58,0.317061974,0.705391719,212,281.9,98,36,0,249,799,106,190,229.7,71,21,128,1.5,336,34,5489,905,157,473,3.3,66.3,36.9,0,3,74,20,2,NA,NA,NA,NA,NA,40,0.483180979,1.074969215,11.07,273.06,73.8,7.38,0.01107,0.27306,0.0738,0.00738,20,0.25,0.9216,14.06681,8.0654,9.21776,2.98602,16.64317,4.0089,0,0.0009216,0.007033405,0.0040327,0.00921776,0.00298602,0.008321585,0.0040089,0,0.04734252,3.72775748,2.770945621,0.382654296,0.387678979,0.784537082,0.782532453,0.354609447,5.157681106,0.342901338,0.5376,11.46203,5.8433,8.2612,0.95778,6.99888,0.02415,2.09792,0.0005376,0.005731015,0.00292165,0.0082612,0.00095778,0.00349944,2.42E-05,0.00209792,0.030243535,2.381380709,2.808459669,0.46106739,0.465001399,0.822689032,0.821331302,0.376925073,4.891956562,0.211880078
41,DL2 Mid,50,7/23/2019,1.295532914,4.52,7.1,0.257566938,0.630976238,1639,549.5,436,63,0,1641,1469,508,566,470.7,214,9,121,5.1,927,61,5358,1195,830,264,1.9,525.1,41,0,2,65,24,9,NA,NA,NA,NA,NA,41,0.333686446,0.817450484,8.2,266.5,98.4,36.9,0.0082,0.2665,0.0984,0.0369,90,9,1.6128,27.42005,35.8828,71.26372,14.31036,30.59927,26.4201,0,0.0016128,0.013710025,0.0179414,0.07126372,0.01431036,0.015299635,0.0264201,0,0.15070561,11.86658346,12.66694414,0.190109217,0.197587335,0.655353866,0.650249058,0.316599977,6.606850679,0.667610099,0.2304,23.48793,17.6122,24.60968,1.71837,19.30941,0.08211,1.98319,0.0002304,0.011743965,0.0088061,0.02460968,0.00171837,0.009654705,8.21E-05,0.00198319,0.074721415,5.883575984,5.428744054,0.302946572,0.309095768,0.739018905,0.736080246,0.422133622,2.202124996,0.092406092
42,DL2 Mid,100,7/23/2019,1.454700279,5.38,7.85,0.251454697,0.625343272,1259,528.7,323,33,0.2,1238,829,633,727,467.2,256,11,72,2.3,1114,121,5016,930,776,259,1.5,587.2,36.9,0,2,68,21,9,NA,NA,NA,NA,NA,42,0.365791218,0.909687032,7.38,250.92,77.49,33.21,0.00738,0.25092,0.07749,0.03321,90,9,0.8448,26.38213,26.5829,54.74132,17.83161,17.26807,19.9318,0.003278,0.0008448,0.013191065,0.01329145,0.05474132,0.01783161,0.008634035,0.0199318,3.28E-06,0.116909504,9.205472756,10.63740396,0.22883371,0.235926589,0.687544661,0.683340851,0.302995158,5.17586156,0.357248386,0.2816,23.31328,21.0688,31.60996,3.40857,23.20462,0.03703,1.18008,0.0002816,0.01165664,0.0105344,0.03160996,0.00340857,0.01160231,3.70E-05,0.00118008,0.08584532,6.759474016,6.710194646,0.279346551,0.285814727,0.723788015,0.720497867,0.321160058,3.0293077,0.120888759
43,XHI,15,7/23/2019,1.534863655,8.67,25.7,0.394204232,0.693005671,6386,614.4,1525,106,1794,19.9,6135,1978,1513,478.2,314,43,123,45.2,1511,483,6574,1328,1317,523,12.2,2587,51,0,3,64,22,11,NA,NA,NA,NA,NA,43,0.605049748,1.063669217,15.3,326.4,112.2,56.1,0.0153,0.3264,0.1122,0.0561,110,-11,2.7136,30.65856,125.5075,277.66328,55.72026,127.79205,0.32039,29.40366,0.0027136,0.01532928,0.06275375,0.27766328,0.05572026,0.063896025,0.00032039,0.02940366,0.466868705,36.76131535,31.42245556,0.062559401,0.069547246,0.4895902,0.478637616,0.161135068,25.54061119,0.894755151,1.1008,23.86218,25.8422,65.78524,13.60611,31.47413,0.72772,2.01597,0.0011008,0.01193109,0.0129211,0.06578524,0.01360611,0.015737065,0.00072772,0.00201597,0.12279643,9.669010236,13.19611619,0.221118924,0.228296817,0.681483011,0.677115903,0.325084342,5.078293174,0.309583023
44,XHI,50,7/23/2019,1.614695778,13.54,27.9,0.291730537,0.684782609,7570,630.1,1647,124,1507,59.9,6601,1923,2952,428.9,501,55,95,31.2,2699,474,7046,1315,2111,394,4.4,1870,56.4,0,2,62,19,16,NA,NA,NA,NA,NA,44,0.471056066,1.105715588,11.28,349.68,107.16,90.24,0.01128,0.34968,0.10716,0.09024,160,-2.666666667,3.1744,31.44199,135.5481,329.1436,54.17091,137.49883,0.96439,24.69973,0.0031744,0.015720995,0.06777405,0.3291436,0.05417091,0.068749415,0.00096439,0.02469973,0.510565435,40.20200276,36.02094178,0.055981861,0.062765198,0.475339079,0.463803475,0.1393909,20.43605015,1.538486398,1.408,21.40211,41.2323,128.35296,13.35258,56.22017,0.50232,1.55705,0.001408,0.010701055,0.02061615,0.12835296,0.01335258,0.028110085,0.00050232,0.00155705,0.191441035,15.07409724,22.9358263,0.156562254,0.164261012,0.623128173,0.617039571,0.215549844,7.571782858,0.657991879
45,XHI,100,7/23/2019,1.621652104,15.92,25.1,0.315343613,0.675247525,5412,400.3,970,41,24.3,4619,891,1645,3658,426.3,542,48,104,26.5,3134,728,5121,1064,1424,229,2.3,1260,41.2,0,1,62,21,15,NA,NA,NA,NA,NA,45,0.511377634,1.09501657,4.12,255.44,86.52,61.8,0.00412,0.25544,0.08652,0.0618,150,-3,1.0496,19.97497,79.831,235.31376,46.33965,18.55953,74.3659,0.398277,0.0010496,0.009987485,0.0399155,0.23531376,0.04633965,0.009279765,0.0743659,0.000398277,0.297099094,23.39362941,33.31072317,0.10376594,0.111429184,0.559594923,0.551339956,0.163498143,16.90697995,1.114498522,1.2288,21.27237,44.6066,159.04984,20.50776,65.28122,0.42665,1.70456,0.0012288,0.010636185,0.0223033,0.15904984,0.02050776,0.03264061,0.00042665,0.00170456,0.222618995,17.52905472,27.71244436,0.137080182,0.144834784,0.601914151,0.595134722,0.227555262,10.36305833,1.187429689
46,DL1,15,7/26/2019,1.36062425,1.916,3.59,0.241848686,0.632102729,380,442.5,150,26,113.8,461,408,171,139,243.6,66,21,129,76.4,205,65,5662,729,100,358,6.2,87.3,35.7,0,3,79,17,1,NA,NA,NA,NA,NA,46,0.329065187,0.860054302,10.71,282.03,60.69,3.57,0.01071,0.28203,0.06069,0.00357,10,0.111111111,0.6656,22.08075,12.345,16.5224,4.81707,8.49864,7.4221,1.865182,0.0006656,0.011040375,0.0061725,0.0165224,0.00481707,0.00424932,0.0074221,0.001865182,0.058570566,4.611855591,3.98241417,0.345228159,0.350784927,0.764172157,0.761771327,0.285506393,16.15646763,0.216271231,0.5376,12.15564,5.4318,6.04372,1.83105,4.27015,1.23004,2.11431,0.0005376,0.00607782,0.0027159,0.00604372,0.00183105,0.002135075,0.00123004,0.00211431,0.02773595,2.183933071,2.038064945,0.47593818,0.479673306,0.829352435,0.828094866,0.320657467,7.362433094,0.217969636
47,DL0,15,8/27/2019,1.534863655,3.6,5.29,0.394906187,0.629546726,953,443,297,44,318,0.6,1252,114,268,572.2,166,28,106,0.9,781,87,6574,1328,1317,523,12.2,2587,51,0,3,64,22,11,NA,NA,NA,NA,NA,47,0.606127154,0.966268389,15.3,326.4,112.2,56.1,0.0153,0.3264,0.1122,0.0561,110,-11,1.1264,22.1057,24.4431,41.43644,3.21138,26.07916,0.00966,5.21202,0.0011264,0.01105285,0.01222155,0.04143644,0.00321138,0.01303958,9.66E-06,0.00521202,0.09812591,7.726449606,8.589011596,0.257091311,0.263846907,0.708494879,0.704832392,0.322689175,3.204244168,0.31772865,0.7168,28.55278,13.6618,11.65264,2.45079,16.26823,0.01449,1.73734,0.0007168,0.01427639,0.0068309,0.01165264,0.00245079,0.008134115,1.45E-05,0.00173734,0.06676884,5.257388976,2.536343621,0.322374141,0.328253431,0.750889529,0.748211335,0.492479783,0.750409573,0.168652079
48,DL0,100,8/27/2019,1.621652104,8.86,10.74,0.33811389,0.576729393,2299,412.6,548,27,528,13.6,2081,653,1822,427.3,364,21,68,10.6,1852,304,5121,1064,1424,229,2.3,1260,41.2,0,1,62,21,15,NA,NA,NA,NA,NA,48,0.548303101,0.935254434,4.12,255.44,86.52,61.8,0.00412,0.25544,0.08652,0.0618,150,-3,0.6912,20.58874,45.1004,99.96052,18.39501,43.34723,0.21896,8.65392,0.0006912,0.01029437,0.0225502,0.09996052,0.01839501,0.021673615,0.00021896,0.00865392,0.172996175,13.62174606,17.44201744,0.170387531,0.17801162,0.636991593,0.631336068,0.223896354,6.284110975,0.646007006,0.5376,21.32227,29.9572,79.22056,8.56368,38.57716,0.17066,1.11452,0.0005376,0.010661135,0.0149786,0.07922056,0.00856368,0.01928858,0.00017066,0.00111452,0.13466014,10.60316063,15.64520082,0.206915,0.21423948,0.669886888,0.665199123,0.280827705,4.670271264,0.472068377
49,DL0 Mid,100,8/27/2019,1.621652104,10.45,15.86,0.329804488,0.583074051,3511,475.4,829,20,844,0,3305,695,2347,434.4,357,20,79,11.8,2151,363,5121,1064,1424,229,2.3,1260,41.2,0,1,62,21,15,NA,NA,NA,NA,NA,49,0.534828142,0.945543262,4.12,255.44,86.52,61.8,0.00412,0.25544,0.08652,0.0618,150,-3,0.512,23.72246,68.2267,152.65828,19.57815,68.84315,0,13.83316,0.000512,0.01186123,0.03411335,0.15265828,0.01957815,0.034421575,0,0.01383316,0.254083105,20.0065437,22.51445713,0.121158248,0.128904131,0.582798684,0.575368433,0.193630318,9.700586707,0.481799478,0.512,21.67656,29.3811,102.04756,10.22571,44.80533,0.18998,1.29481,0.000512,0.01083828,0.01469055,0.10204756,0.01022571,0.022402665,0.00018998,0.00129481,0.15299802,12.04708819,20.19701413,0.187902666,0.195399113,0.653373718,0.648210792,0.285294854,6.106861384,0.455964734
50,DL2,15,8/27/2019,1.523932286,3.08,1.825,0.440732465,0.720203488,228,191.1,76,27,431,0.7,258,55,335,398.7,118,23,112,0.6,623,58,5489,905,157,473,3.3,66.3,36.9,0,3,74,20,2,NA,NA,NA,NA,NA,50,0.671646433,1.097541348,11.07,273.06,73.8,7.38,0.01107,0.27306,0.0738,0.00738,20,0.25,0.6912,9.53589,6.2548,9.91344,1.54935,5.37414,0.01127,7.06409,0.0006912,0.004767945,0.0031274,0.00991344,0.00154935,0.00268707,1.13E-05,0.00706409,0.030779505,2.423583071,3.528083267,0.458034004,0.462008971,0.821309612,0.819930668,0.332273598,6.446419041,0.299141623,0.5888,19.89513,9.7114,14.5658,1.63386,12.97709,0.00966,1.83568,0.0005888,0.009947565,0.0048557,0.0145658,0.00163386,0.006488545,9.66E-06,0.00183568,0.05190052,4.086655118,3.785781857,0.366464428,0.371719307,0.775923814,0.773755917,0.384095393,6.92597376,0.186126386
51,DL2,100,8/27/2019,1.454700279,1.706,7.77,0.325239878,0.637168142,1222,444.4,350,13,718,0.4,1434,238,219,162.2,58,12,145,5.9,277,25,5016,930,776,259,1.5,587.2,36.9,0,2,68,21,9,NA,NA,NA,NA,NA,51,0.473126541,0.926888674,7.38,250.92,77.49,33.21,0.00738,0.25092,0.07749,0.03321,90,9,0.3328,22.17556,28.805,53.13256,6.70446,29.87022,0.00644,11.76802,0.0003328,0.01108778,0.0144025,0.05313256,0.00670446,0.01493511,6.44E-06,0.01176802,0.11682292,9.198655118,10.52382065,0.228950809,0.236042371,0.687635457,0.68343407,0.266863911,5.47888287,0.153484834,0.3072,8.09378,4.7734,9.52212,0.70425,5.76991,0.09499,2.37655,0.0003072,0.00404689,0.0023867,0.00952212,0.00070425,0.002884955,9.50E-05,0.00237655,0.025139645,1.979499606,3.754109707,0.492654607,0.496170236,0.836654685,0.83550249,0.400708067,1.348075844,0.195441102
52,DL2 Mid,15,8/27/2019,1.523932286,1.562,1.667,0.469341925,0.697058824,170,202.5,69,21,468,0.1,209,40,120,213.3,60,18,140,0.5,265,28,5489,905,157,473,3.3,66.3,36.9,0,3,74,20,2,NA,NA,NA,NA,NA,52,0.715245313,1.062270447,11.07,273.06,73.8,7.38,0.01107,0.27306,0.0738,0.00738,20,0.25,0.5376,10.10475,5.6787,7.3916,1.1268,4.35347,0.00161,7.67052,0.0005376,0.005052375,0.00283935,0.0073916,0.0011268,0.002176735,1.61E-06,0.00767052,0.028500985,2.244172047,2.631191668,0.471277418,0.475074525,0.827281416,0.825993127,0.359082337,4.636682366,0.224470904,0.4608,10.64367,4.938,5.2176,0.78876,5.51995,0.00805,2.2946,0.0004608,0.005321835,0.002469,0.0052176,0.00078876,0.002759975,8.05E-06,0.0022946,0.025486525,2.006812992,1.869299019,0.490335593,0.4938814,0.835653145,0.83448677,0.395370087,3.158065586,0.185679936
53,DL2 Mid,50,8/27/2019,1.295532914,1.046,9.28,0.297776667,0.693674699,1839,553,492,13,720,0.4,1898,430,103,117.6,35,15,161,0.4,140,21,5358,1195,830,264,1.9,525.1,41,0,2,65,24,9,NA,NA,NA,NA,NA,53,0.385779473,0.898678404,8.2,266.5,98.4,36.9,0.0082,0.2665,0.0984,0.0369,90,9,0.3328,27.5947,40.4916,79.95972,12.1131,39.53534,0.00644,11.8008,0.0003328,0.01379735,0.0202458,0.07995972,0.0121131,0.01976767,6.44E-06,0.0118008,0.15972807,12.57701339,13.70428543,0.181674572,0.189220176,0.647687325,0.642355788,0.298670003,7.470722361,0.138770581,0.384,5.86824,2.8805,4.47844,0.59157,2.9162,0.00644,2.63879,0.000384,0.00293412,0.00144025,0.00447844,0.00059157,0.0014581,6.44E-06,0.00263879,0.01571456,1.237366929,2.141258021,0.56932046,0.57189465,0.867893864,0.867140502,0.525821401,0.686826264,0.264780943
54,DL2 Mid,100,8/27/2019,1.454700279,4.8,7.08,0.330395051,0.68,1153,471.9,272,16,628,0,1148,479,647,458.9,218,9,87,3.2,984,46,5016,930,776,259,1.5,587.2,36.9,0,2,68,21,9,NA,NA,NA,NA,NA,54,0.480625773,0.98919619,7.38,250.92,77.49,33.21,0.00738,0.25092,0.07749,0.03321,90,9,0.4096,23.54781,22.3856,50.13244,13.49343,23.91284,0,10.29292,0.0004096,0.011773905,0.0111928,0.05013244,0.01349343,0.01195642,0,0.01029292,0.107010445,8.426019291,10.46091075,0.242968152,0.249896904,0.698256801,0.694334265,0.312316919,4.944990728,0.180789217,0.2304,22.89911,17.9414,28.13156,1.29582,20.49672,0.05152,1.42593,0.0002304,0.011449555,0.0089707,0.02813156,0.00129582,0.01024836,5.15E-05,0.00142593,0.076904845,6.055499606,6.225342292,0.298012645,0.30422947,0.735911716,0.732902926,0.34530926,2.677776258,0.098287027
55,XHI,100,8/27/2019,1.621652104,11.37,24.5,0.301472914,0.593667546,7034,544.6,1187,83,656,0,5536,1745,2536,405.5,379,24,87,15.6,2268,477,5121,1064,1424,229,2.3,1260,41.2,0,1,62,21,15,NA,NA,NA,NA,NA,55,0.488884185,0.962722225,4.12,255.44,86.52,61.8,0.00412,0.25544,0.08652,0.0618,150,-3,2.1248,27.17554,97.6901,305.83832,49.15665,115.31488,0,10.75184,0.0021248,0.01358777,0.04884505,0.30583832,0.04915665,0.05765744,0,0.01075184,0.424116325,33.39498622,38.70663557,0.070191232,0.077374337,0.504769001,0.494425816,0.170150951,20.66186313,2.109091202,0.6144,20.23445,31.1917,110.26528,13.43709,47.24244,0.25116,1.42593,0.0006144,0.010117225,0.01559585,0.11026528,0.01343709,0.02362122,0.00025116,0.00142593,0.16166552,12.7295685,21.74511838,0.179947446,0.187505977,0.64608413,0.640704598,0.267250835,6.901202018,0.572001528
